Brand,Paddle Name,Price,Discount Code,Link to Paddle,Year Released,Approval Body,Shape,Face Material,Grit Type,Build Style,Paddle Type,Core Thickness (mm),Grip Length (in),Grip Size (in),Weight (oz),Swingweight,Swingweight Percentile,Twistweight,Twistweight Percentile,Balance Point (mm),Spin Rating,Spin (RPM),Power (MPH),Power Percentile,Pop (MPH),Pop Percentile,Firepower Percentile,Firepower Z,Firepower Z Tier
11SIX24,All Court Hurache-X ,$149.99,PBEFFECT,https://a8qh.short.gy/HXAC,2025,USAP,Elongated,Carbon,Raw Texture/Peel Ply,Gen 1.5,All-Court,16,6,4.125,8.18,121,85%,6.33,49%,245,Very High,2027,55.7,44%,36,42%,43%,54,Firepower Balanced
11SIX24,All Court Pegasus,$129.99,PBEFFECT,https://a8qh.short.gy/PAC,2025,USAP,Widebody,Carbon,Raw Texture/Peel Ply,Gen 1.5,All-Court,16,5.5,4.125,8.2,113,35%,7.26,94%,237,Very High,2032,55.2,31%,35.5,24%,27%,43,Firepower Control+
11SIX24,All Court Vapor,$129.99,PBEFFECT,https://a8qh.short.gy/VAC,2025,USAP,Hybrid,Carbon,Raw Texture/Peel Ply,Gen 1.5,All-Court,16,5.75,4.125,8.16,117,63%,6.80,80%,241,Very High,2059,55.3,34%,35.4,20%,27%,44,Firepower Control+
11SIX24,Alpha Pro Power Hurache-X,$199.99,PBEFFECT,https://a8qh.short.gy/APPE,2025,USAP,Elongated,Carbon,Raw Texture/Peel Ply,Gen 3,Power,16,6,4.125,8.1,118,70%,6.29,45%,238,,,,,,,,,
11SIX24,Alpha Pro Power Pegasus,$199.99,PBEFFECT,https://a8qh.short.gy/APPP,2025,USAP,Widebody,Carbon,Raw Texture/Peel Ply,Gen 3,Power,16,5.5,4.125,8,107,7%,7.12,91%,229,,,,,,,,,
11SIX24,Alpha Pro Power Vapor,$199.99,PBEFFECT,https://a8qh.short.gy/APPH,2025,USAP,Hybrid,Carbon,Raw Texture/Peel Ply,Gen 3,Power,16,5.75,4.125,8,112,29%,6.76,77%,236,,,,,,,,,
11SIX24,Jelly Bean Hurache-X ,$99.99,PBEFFECT,https://a8qh.short.gy/HJB16,2024,USAP,Elongated,Carbon,Raw Texture/Peel Ply,Gen 1.5,Control,16,6,4.125,8.14,122,88%,6.36,51%,242,,,,,,,,,
11SIX24,Jelly Bean Vapor,$99.99,PBEFFECT,https://a8qh.short.gy/JBV,2025,USAP,Hybrid,Carbon,Raw Texture/Peel Ply,Gen 1.5,Control,16,5.75,4.125,8,115,49%,6.67,71%,240,,,,,,,,,
11SIX24,Power Hurache-X ,$169.99,PBEFFECT,https://a8qh.short.gy/HXP,2025,USAP,Elongated,Carbon,Raw Texture/Peel Ply,Gen 3,Power,16,6,4.125,8.15,117,63%,6.40,53%,240,Very High,2033,56.3,69%,36,42%,56%,61,Firepower Balanced
11SIX24,Power Pegasus,$169.99,PBEFFECT,https://a8qh.short.gy/PP,2025,USAP,Widebody,Carbon,Raw Texture/Peel Ply,Gen 3,Power,16,5.5,4.125,8.33,111,23%,7.60,99%,233,Very High,2085,55.8,50%,36.2,52%,51%,56,Firepower Balanced
11SIX24,Power Vapor,$169.99,PBEFFECT,https://a8qh.short.gy/VP,2025,USAP,Hybrid,Carbon,Raw Texture/Peel Ply,Gen 3,Power,16,5.75,4.125,8.3,116,57%,7.10,90%,237,Very High,2065,56,58%,36.1,47%,53%,58,Firepower Balanced
Adidas,Metalbone EVA 16mm (red no weights),$249,PBEFFECT,https://a8qh.short.gy/MBE16,2025,Unapproved,Elongated,Carbon,Paint Grit,Gen 4,Power,16,5.5,4.25,8.3,124,94%,5.63,8%,247,Very High,2085,58.2,100%,37.6,99%,99%,98,Firepower Elite
Adidas,Metalbone PP 14.5mm (no weights),$229,PBEFFECT,https://a8qh.short.gy/MB14,2025,USAP/UPA-A,Elongated,Carbon,Paint Grit,Gen 2,All-Court,14.5,5.5,4.25,8,111,23%,5.10,1%,236,Very High,2011,54.1,14%,35.1,16%,15%,26,Firepower Soft
Adidas,Metalbone PP 16mm (no weights),$249,PBEFFECT,https://a8qh.short.gy/MB16,2025,USAP,Elongated,Carbon,Paint Grit,Gen 2,Control,16,5.5,4.25,8.1,116,57%,5.26,2%,241,Very High,2086,54.2,16%,35.4,20%,18%,30,Firepower Soft
Adidas,Metalbone Team EVA 16mm (blue),$209,PBEFFECT,https://a8qh.short.gy/MBT,2025,Unapproved,Elongated,Carbon,Paint Grit,Gen 4,Power,16,5.5,4.25,7.9,113,35%,5.03,1%,241,High,1978,57.8,99%,37.3,97%,98%,91,Firepower Elite
Adidas,PRO-EDT 14,$189,N/A,https://a8qh.short.gy/edt14,2025,USAP/UPA-A,Elongated,Carbon,Raw Texture/Peel Ply,Gen 3,All-Court,14,5.5,4.25,8,122,88%,6.48,58%,242,Very High,2022,56.5,78%,36.4,64%,71%,67,Firepower High
Adidas,PRO-EDT 16,$189,N/A,https://a8qh.short.gy/edt16,2025,USAP/UPA-A,Elongated,Carbon,Raw Texture/Peel Ply,Gen 3,All-Court,16,5.5,4.5,7.95,126,98%,6.3,46%,246,Very High,2078,57,94%,35.8,35%,65%,69,Firepower High
Adidas,PRO-EDT 16 C,$189,N/A,https://a8qh.short.gy/edtc,2025,USAP,Widebody,Carbon,Raw Texture/Peel Ply,Gen 3,All-Court,16,5.5,4.5,8.05,119,78%,7.26,94%,241,Very High,2089,56.4,75%,36,42%,58%,63,Firepower Balanced
Aireo,Cyclone,$189,N/A,https://a8qh.short.gy/cyc,2025,USAP,Elongated,Carbon,Raw Texture/Peel Ply,Gen 4,Power,16,5.5,4.25,7.67,114,43%,6.41,55%,243,Very High,2054,57,94%,37,90%,92%,78,Firepower High
Babolat,Baller +,$219.99,PBEFFECT,https://a8qh.short.gy/BALLR,2025,USAP,Hybrid,Carbon,Paint Grit,Gen 2,All-Court,16,5.5,4.125,8.33,113,35%,6.08,29%,234,High,1932,56,58%,35.8,35%,47%,56,Firepower Balanced
Babolat,Strkr+,$219.99,PBEFFECT,https://a8qh.short.gy/STRKR,2025,USAP,Extra-elongated,Carbon,Paint Grit,Gen 2/Edgeless,Power,13,5.5,4,8.05,120,82%,5.43,4%,240,Low,1815,55.7,44%,36,42%,43%,54,Firepower Balanced
Babolat,WZRD,$219.99,PBEFFECT,https://a8qh.short.gy/WRZD,2025,USAP,Widebody,Carbon,Paint Grit,Gen 2,Control,20,5,4.125,8.57,109,14%,6.40,53%,226,High,1952,55.8,50%,35.6,28%,39%,52,Firepower Balanced
Body Helix,Flik F1 TerraCore XC Elongated,$190,PBEFFECT,https://a8qh.short.gy/f1E,2025,USAP,Elongated,Carbon,Raw Texture/Peel Ply,Gen 4,Power,16,5.25,4.25,7.86,114,43%,6.07,29%,240,Very High,2088,57.4,97%,38,100%,99%,91,Firepower Elite
Body Helix,X2 Lite,$160,PBEFFECT,https://a8qh.short.gy/X2Lite,2023,USAP,Elongated,Carbon,Raw Texture/Peel Ply,Gen 2,All-Court,16,6,4.25,8.12,123,92%,6.32,48%,245,Low,1842,52.8,2%,33.7,1%,2%,0,Firepower Soft
Body Helix,X2 Pro,$180,PBEFFECT,https://a8qh.short.gy/X2Pro,2023,USAP,Elongated,Carbon,Raw Texture/Peel Ply,Gen 2,Power,19,6,4.25,8.88,134,100%,6.74,76%,246,High,1981,54.9,23%,34.8,8%,16%,34,Firepower Soft
Body Helix,X3 Lite,$160,PBEFFECT,https://a8qh.short.gy/X3Lite,2023,USAP,Elongated,Kevlar/Carbon,Raw Texture/Peel Ply,Gen 2,All-Court,16,6,4.25,8.25,125,97%,6.03,27%,245,Medium,1920,52.8,2%,34.8,8%,5%,7,Firepower Soft
Body Helix,X3 Pro,$180,PBEFFECT,https://a8qh.short.gy/X3Pro,2023,USAP,Elongated,Kevlar/Carbon,Raw Texture/Peel Ply,Gen 2,Power,18,6,4.25,8.73,132,99%,6.65,69%,246,High,1949,54.7,21%,34.2,3%,12%,27,Firepower Soft
Body Helix,X4 Gold Kevlar,$140,PBEFFECT,https://a8qh.short.gy/X4Gold,2024,USAP,Hybrid,Kevlar,Raw Texture/Peel Ply,Gen 2,Power,16,5.25,4.25,8.1,116,57%,6.63,68%,239,High,1972,56,58%,36.5,69%,64%,61,Firepower Balanced
Bread & Butter,Fat Boy,$189.99,PBEFFECT,https://a8qh.short.gy/fatboy,2024,USAP,Widebody,Kevlar/Carbon,Raw Texture/Peel Ply,Gen 2,Control,16,5.3,4.25,8.17,112,29%,7.29,95%,236,High,1935,54.9,23%,36.6,74%,48%,48,Firepower Control+
Bread & Butter,Filth Elongated,$165,PBEFFECT,https://a8qh.short.gy/FEN,2025,USAP,Elongated,Carbon,Raw Texture/Peel Ply,Gen 2,All-Court,16,5.6,4.125,8.18,123,92%,6.24,41%,243,Medium,1905,55.8,50%,35.7,32%,41%,53,Firepower Balanced
Bread & Butter,Filth Hybrid,$165,PBEFFECT,https://a8qh.short.gy/FHN,2025,USAP,Hybrid,Carbon,Raw Texture/Peel Ply,Gen 2,Control,16,5.5,4.125,8.07,113,35%,6.77,78%,238,Medium,1908,55.4,35%,35.9,37%,36%,49,Firepower Control+
Bread & Butter,Filth Standard,$165,PBEFFECT,https://a8qh.short.gy/FSN,2025,USAP,Widebody,Carbon,Raw Texture/Peel Ply,Gen 2,Control,16,5.3,4.125,8.26,111,23%,7.47,98%,234,Medium,1919,55.6,41%,35.8,35%,38%,51,Firepower Balanced
Bread & Butter,Invader,$189.99,PBEFFECT,https://a8qh.short.gy/INV,2024,USAP,Hybrid,Titanium/Carbon,Raw Texture/Peel Ply,Gen 2,All-Court,16,5.3,4.25,8.18,118,70%,6.85,82%,239,High,1985,55.8,50%,36.2,52%,51%,56,Firepower Balanced
Bread & Butter,Loco Elongated,$199.99,PBEFFECT,https://a8qh.short.gy/LE16,2025,USAP,Elongated,Carbon,Raw Texture/Peel Ply,Gen 4,Power,16,5.5,4.25,7.9,120,82%,6.18,37%,245,Very High,2010,56.9,92%,36.8,83%,88%,75,Firepower High
Bread & Butter,Loco Hybrid,$199.99,PBEFFECT,https://a8qh.short.gy/HL16,2025,USAP,Hybrid,Carbon,Raw Texture/Peel Ply,Gen 4,Power,16,5.5,4.25,7.98,113,35%,6.67,71%,238,Very High,2032,56.7,86%,37,90%,88%,74,Firepower High
Bread & Butter,Loco Standard,$199.99,PBEFFECT,https://a8qh.short.gy/LS16,2025,USAP,Widebody,Carbon,Raw Texture/Peel Ply,Gen 4,Power,16,5.3,4.25,8.06,110,18%,7.33,96%,235,Very High,2004,56.4,75%,36.6,74%,74%,67,Firepower High
Bread & Butter,Shogun,$189.99,PBEFFECT,https://a8qh.short.gy/Shogun,2024,USAP,Elongated,Titanium/Carbon,Raw Texture/Peel Ply,Gen 2,All-Court,16,5.5,4.25,8.18,122,88%,6.20,38%,244,Medium,1928,54.4,18%,35.4,20%,19%,32,Firepower Soft
Bread & Butter,Wild Thing,$189.99,PBEFFECT,https://a8qh.short.gy/WT,2025,USAP,Elongated,Carbon,Raw Texture/Peel Ply,Gen 2,All-Court,16,5.5,4.3,7.7,113,35%,5.91,21%,239,Medium,1907,55.8,50%,35.6,28%,39%,52,Firepower Balanced
Chorus,Shapeshifter EX,$174.99,PBEFFECT,https://a8qh.short.gy/SEX,2024,USAP,Elongated,Carbon,Raw Texture/Peel Ply,Gen 2,Control,16,5.6,4.25,7.8,115,49%,6.18,37%,242,Very High,2104,56,58%,35.9,37%,48%,57,Firepower Balanced
Chorus,Shapeshifter HX,$174.99,PBEFFECT,https://a8qh.short.gy/SHX,2024,USAP,Hybrid,Carbon,Raw Texture/Peel Ply,Gen 2,Control,16,5.6,4.25,7.8,114,43%,6.46,57%,240,Very High,2071,55.8,50%,35.6,28%,39%,52,Firepower Balanced
Chorus,Shapeshifter SX,$174.99,PBEFFECT,https://a8qh.short.gy/SSX,2024,USAP,Widebody,Carbon,Raw Texture/Peel Ply,Gen 2,Control,16,5.6,4.25,7.7,107,7%,6.83,82%,235,Very High,2063,54.5,19%,35.1,16%,17%,31,Firepower Soft
Chorus,Supercourt EX,$119,PBEFFECT,https://a8qh.short.gy/SCEX,2025,USAP,Elongated,Carbon,Raw Texture/Peel Ply,Gen 2,All-Court,16,5.6,4.25,7.8,116,57%,6.45,56%,243,Very High,2020,56.2,67%,36,42%,54%,60,Firepower Balanced
Chorus,Supercourt HX,$119,PBEFFECT,https://a8qh.short.gy/SCHX,2025,USAP,Hybrid,Carbon,Raw Texture/Peel Ply,Gen 2,All-Court,16,5.6,4.25,7.8,115,49%,6.8,80%,242,High,1969,56,58%,35.8,35%,47%,56,Firepower Balanced
Chorus,Supercourt SX,$119,PBEFFECT,https://a8qh.short.gy/SCSX,2025,USAP,Widebody,Carbon,Raw Texture/Peel Ply,Gen 2,All-Court,16,5.6,4.25,7.7,107,7%,7.16,92%,237,High,1986,56,58%,35.7,32%,45%,55,Firepower Balanced
CRBN,CRBN 1 Orginal (16 mm),$179.99,PBEFFECT,https://a8qh.short.gy/crbn1,2021,USAP,Elongated,Carbon,Raw Texture/Peel Ply,Gen 1,Control,16,5.5,4.25,8.25,118,70%,5.77,12%,238,,,,,,,,,
CRBN,CRBN 1X Power Series (14 mm),$229.99,PBEFFECT,https://a8qh.short.gy/crbn1x14,2023,USAP,Elongated,Carbon,Raw Texture/Peel Ply,Gen 2,Power,14,5.5,4.25,7.87,118,70%,5.88,17%,243,Medium,1917,54.3,17%,35.4,20%,18%,31,Firepower Soft
CRBN,CRBN 1X Power Series (16 mm),$229.99,PBEFFECT,https://a8qh.short.gy/crbn1x16,2023,USAP,Elongated,Carbon,Raw Texture/Peel Ply,Gen 2,All-Court,16,5.5,4.25,8.11,124,94%,6.18,37%,244,Medium,1915,55,26%,34.9,12%,19%,36,Firepower Control+
CRBN,CRBN 2 Orignal (16 mm),$179.99,PBEFFECT,https://a8qh.short.gy/crbn2,2021,USAP,Widebody,Carbon,Raw Texture/Peel Ply,Gen 1,Control,16,4.75,4.25,7.94,109,14%,7.03,88%,236,,,,,,,,,
CRBN,CRBN 2X Power Series (14 mm),$229.99,PBEFFECT,https://a8qh.short.gy/crbn2x14,2023,USAP,Widebody,Carbon,Raw Texture/Peel Ply,Gen 2,Power,14,4.75,4.25,7.8,105,4%,6.88,83%,232,,,,,,,,,
CRBN,CRBN 2X Power Series (16 mm),$229.99,PBEFFECT,https://a8qh.short.gy/crbn2x16,2023,USAP,Widebody,Carbon,Raw Texture/Peel Ply,Gen 2,All-Court,16,4.75,4.25,8.2,112,29%,7.75,100%,237,,,,,,,,,
CRBN,CRBN 3X Power Series (14 mm),$229.99,PBEFFECT,https://a8qh.short.gy/3x14,2023,USAP,Elongated,Carbon,Raw Texture/Peel Ply,Gen 2,Power,14,5.25,4.25,7.87,116,57%,6.39,52%,240,,,,,,,,,
CRBN,CRBN 3X Power Series (16 mm),$229.99,PBEFFECT,https://a8qh.short.gy/crbn3x16,2023,USAP,Elongated,Carbon,Raw Texture/Peel Ply,Gen 2,All-Court,16,5.25,4.25,8.18,119,78%,6.79,79%,241,Medium,1920,54.9,23%,35.6,28%,25%,40,Firepower Control+
CRBN,TruFoam Genesis 1,$279.99,PBEFFECT,https://a8qh.short.gy/TFG1,2025,USAP/UPA-A,Elongated,Carbon,Raw Texture/Peel Ply,Gen 4,All-Court,14,5.5,4.125,7.9,118,70%,5.51,5%,244,Very High,2036,55.8,50%,36.6,74%,62%,59,Firepower Balanced
CRBN,TruFoam Genesis 2,$279.99,PBEFFECT,https://a8qh.short.gy/TFG2,2025,USAP/UPA-A,Widebody,Carbon,Raw Texture/Peel Ply,Gen 4,All-Court,14,5.25,4.125,8.2,113,35%,6.70,74%,238,High,1992,55.5,38%,36.8,83%,61%,57,Firepower Balanced
CRBN,TruFoam Genesis 3,$279.99,PBEFFECT,https://a8qh.short.gy/TFG3,2025,USAP/UPA-A,Elongated,Carbon,Raw Texture/Peel Ply,Gen 4,All-Court,14,5.25,4.125,8.3,122,88%,6.30,46%,243,Very High,2030,55.9,54%,36.4,64%,59%,59,Firepower Balanced
CRBN,TruFoam Genesis 4,$279.99,PBEFFECT,https://a8qh.short.gy/TFG4,2025,USAP/UPA-A,Hybrid,Carbon,Raw Texture/Peel Ply,Gen 4,All-Court,14,5.5,4.25,8,109,14%,6.30,46%,232,Very High,2040,55.8,50%,36.2,52%,51%,56,Firepower Balanced
CRBN,TruFoam Waves 1,$279.99,PBEFFECT,https://a8qh.short.gy/TFW1,2025,USAP/UPA-A,Elongated,Carbon,Raw Texture/Peel Ply,Gen 4,All-Court,14,5.6,4.25,7.9,119,78%,5.93,22%,245,High,1995,56.5,78%,36.2,52%,65%,66,Firepower High
CRBN,TruFoam Waves 2,$279.99,PBEFFECT,https://a8qh.short.gy/TFW2,2025,USAP/UPA-A,Widebody,Carbon,Raw Texture/Peel Ply,Gen 4,All-Court,14,5.5,4.25,8.12,112,29%,7.02,87%,235,Very High,2021,56.2,67%,36.6,74%,70%,65,Firepower High
CRBN,TruFoam Waves 3,$279.99,PBEFFECT,https://a8qh.short.gy/TFW3,2025,USAP/UPA-A,Elongated,Carbon,Raw Texture/Peel Ply,Gen 4,All-Court,14,5.3,4.25,8.18,119,78%,6.61,67%,240,High,1988,56.4,74%,36.4,64%,69%,65,Firepower High
CRBN,TruFoam Waves 4,$279.99,PBEFFECT,https://a8qh.short.gy/TFW4,2025,USAP/UPA-A,Hybrid,Carbon,Raw Texture/Peel Ply,Gen 4,All-Court,14,5.5,4.25,8,112,29%,6.68,73%,237,Very High,2056,56,58%,36.5,69%,64%,61,Firepower Balanced
Diadem,BluCore Max 19mm,$280,PBEFFECT,https://a8qh.short.gy/BCM19,2025,USAP,Widebody,Kevlar/Carbon,Raw Texture/Peel Ply,Gen 4,Control,19,5,4.25,8.4,108,10%,7.45,98%,228,Medium,1926,54.9,23%,36.2,52%,38%,45,Firepower Control+
Diadem,BluCore Pro 16mm,$280,PBEFFECT,https://a8qh.short.gy/BCP16,2025,USAP,Elongated,Kevlar/Carbon,Raw Texture/Peel Ply,Gen 4,Control,16,5.5,4.25,8.1,112,29%,5.81,13%,234,High,1936,53.4,8%,35,12%,10%,16,Firepower Soft
Diadem,BluCore Standard 14mm,$280,PBEFFECT,https://a8qh.short.gy/BCS14,2025,USAP,Elongated,Kevlar/Carbon,Raw Texture/Peel Ply,Gen 4,Control,14,5.25,4.25,7.8,107,7%,5.58,6%,232,High,1935,53.4,8%,36,42%,25%,24,Firepower Soft
Diadem,Edge 18k,$229.95,PBEFFECT,https://a8qh.short.gy/18k,2023,USAP,Elongated,Carbon,Raw Texture/Peel Ply,Gen 1,Control,16,5,4.125,7.8,117,63%,6.21,39%,244,,,,,,,,,
Diadem,Edge 18k Power Max,$239.95,PBEFFECT,https://a8qh.short.gy/18PM,2024,USAP,Widebody,Carbon,Raw Texture/Peel Ply,Gen 2,Control,16,5,4.125,8.16,109,14%,7.87,100%,232,,,,,,,,,
Diadem,Edge 18k Speed Pro,$239.95,PBEFFECT,https://a8qh.short.gy/18SP,2024,USAP,Elongated,Carbon,Raw Texture/Peel Ply,Gen 2,All-Court,14,5.7,4.125,8.03,124,94%,6.31,48%,249,,,,,,,,,
Diadem,Edge Blucore Hybrid 14,$249.95,PBEFFECT,https://a8qh.short.gy/ebc-h14,2025,USAP,Hybrid,Carbon,Raw Texture/Peel Ply,Gen 4,All-Court,14,5.7,4.125,8,110,18%,6.4,53%,232,Very High,2081,56.1,63%,36.5,69%,66%,62,Firepower Balanced
Diadem,Edge Blucore Hybrid 16,$249.95,PBEFFECT,https://a8qh.short.gy/ebc-h16,2025,USAP,Hybrid,Carbon,Raw Texture/Peel Ply,Gen 4,All-Court,16,5.7,4.125,8.14,115,49%,6.75,77%,236,Very High,2112,56.3,69%,36.1,47%,58%,62,Firepower Balanced
Diadem,Edge Blucore Pro 14,$249.95,PBEFFECT,https://a8qh.short.gy/ebc-p14,2025,USAP,Elongated,Carbon,Raw Texture/Peel Ply,Gen 4,All-Court,14,5.7,4.125,7.9,117,63%,6.1,30%,241,,,,,,,,,
Diadem,Edge Blucore Pro 16,$249.95,PBEFFECT,https://a8qh.short.gy/ebc-p16,2025,USAP,Elongated,Carbon,Raw Texture/Peel Ply,Gen 4,All-Court,16,5.7,4.125,8.12,122,88%,6.65,69%,243,,,,,,,,,
Diadem,Icon Infinity Max,$219.95,PBEFFECT,https://a8qh.short.gy/IPM,2024,USAP,Widebody,Carbon,Paint Grit,Gen 2,All-Court,13.7,5,4.125,8.25,113,35%,7.35,96%,236,,,,,,,,,
Element 6,Zephyr,$139.99,PBEFFECT,https://a8qh.short.gy/zephyr,2025,USAP,Hybrid,Carbon,Raw Texture/Peel Ply,Gen 4,Power,16,5.5,4.25,7.82,108,10%,6.84,82%,234,Very High,2021,58,99%,37.4,98%,98%,94,Firepower Elite
Element6,Fuego,$199.99,PBEFFECT,https://a8qh.short.gy/fuego,2025,USAP,Elongated,Carbon,Raw Texture/Peel Ply,Gen 3,Power,14,5.5,4.2,8,121,85%,6.61,67%,246,Very High,2016,55.7,44%,35.4,20%,32%,49,Firepower Control+
Element6,Surtr,$199,PBEFFECT,https://a8qh.short.gy/surtr,2025,USAP,Hybrid,Carbon,Raw Texture/Peel Ply,Gen 4,Power,16,5.5,4.25,8.1,115,49%,6.54,62%,240,High,1961,57.2,96%,36.3,59%,78%,75,Firepower High
Engage,Alpha Pro 14,$259.99,PBEFFECT,https://a8qh.short.gy/14AP,2025,USAP/UPA-A,Elongated,Carbon,Raw Texture/Peel Ply,Gen 3,Power,14,5.5,4.25,8,112,29%,5.96,24%,240,Very High,2097,56.6,82%,36.3,59%,71%,68,Firepower High
Engage,Alpha Pro 16,$259.99,PBEFFECT,https://a8qh.short.gy/AP16,2025,USAP,Elongated,Carbon,Raw Texture/Peel Ply,Gen 3,All-Court,16,5.5,4.25,8,113,35%,6.21,39%,238,Very High,2085,56.4,75%,36.2,52%,64%,64,Firepower Balanced
Engage,Profoam,$229.99,PBEFFECT,https://a8qh.short.gy/profoam,2025,USAP/UPA-A,Elongated,Carbon,Raw Texture/Peel Ply,Gen 4,All-Court,14,5.25,4.25,8.06,122,88%,6.4,53%,247,High,1955,56.5,78%,36,42%,60%,64,Firepower Balanced
Engage,Pursuit Pro EX,$259.99,PBEFFECT,https://a8qh.short.gy/PEX,2023,USAP,Widebody,Carbon,Raw Texture/Peel Ply,Gen 1,Power,13,5,4.25,8,110,18%,6.77,78%,236,High,1952,55.2,31%,36.6,74%,52%,51,Firepower Balanced
Engage,Pursuit Pro EX 6.0,$259.99,PBEFFECT,https://a8qh.short.gy/PEX6.0,2023,USAP,Widebody,Carbon,Raw Texture/Peel Ply,Gen 1,All-Court,16,5,4.25,7.92,115,49%,7.37,97%,243,High,1946,55.7,44%,36.1,47%,46%,54,Firepower Balanced
Engage,Pursuit Pro MX,$259.99,PBEFFECT,https://a8qh.short.gy/PMX,2023,USAP,Elongated,Carbon,Raw Texture/Peel Ply,Gen 1,Power,13,5.75,4.25,8.06,119,78%,5.88,17%,239,,,56.1,63%,36.5,69%,66%,62,Firepower Balanced
Engage,Pursuit Pro MX 6.0,$259.99,PBEFFECT,https://a8qh.short.gy/PMX6.0,2023,USAP,Elongated,Carbon,Raw Texture/Peel Ply,Gen 1,All-Court,16,5.75,4.25,7.87,125,97%,6.57,64%,254,,,56.8,88%,35.7,32%,60%,66,Firepower High
Engage,Pursuit Pro1 (Lite),$259.99,PBEFFECT,https://a8qh.short.gy/Pro1,2024,USAP,Elongated,Carbon,Raw Texture/Peel Ply,Gen 1,All-Court,13,5.875,4.25,7.85,112,29%,5.83,15%,234,High,1964,55.4,35%,36.6,74%,55%,54,Firepower Balanced
Engage,Pursuit Pro1 (Standard),$259.99,PBEFFECT,https://a8qh.short.gy/Pro1,2024,USAP,Elongated,Carbon,Raw Texture/Peel Ply,Gen 1,All-Court,13,5.875,4.25,8.04,114,43%,5.94,22%,232,High,1956,55.9,54%,36.4,64%,59%,59,Firepower Balanced
Engage,Pursuit Pro1 6.0 (Lite),$259.99,PBEFFECT,https://a8qh.short.gy/Pro16.0,2024,USAP,Elongated,Carbon,Raw Texture/Peel Ply,Gen 1,All-Court,16,5.875,4.25,7.66,115,49%,5.81,13%,241,High,1948,55.8,50%,37.1,93%,71%,63,Firepower Balanced
Engage,Pursuit Pro1 6.0 (Standard),$259.99,PBEFFECT,https://a8qh.short.gy/Pro16.0,2024,USAP,Elongated,Carbon,Raw Texture/Peel Ply,Gen 1,All-Court,16,5.875,4.25,8.01,115,49%,5.83,15%,235,High,1959,55.6,41%,36.6,74%,57%,57,Firepower Balanced
Engage,Pursuit Pro1 6.0 Hybrid,$259.99,PBEFFECT,https://a8qh.short.gy/pro16.0h,2025,USAP,Hybrid,Carbon,Raw Texture/Peel Ply,Gen 1,Control,15.2,5.5,4.25,7.96,111,23%,6.22,40%,237,High,1961,54.1,14%,35,12%,13%,25,Firepower Soft
Engage,Pursuit Pro1 6.0 Widebody,$259.99,PBEFFECT,https://a8qh.short.gy/pro16.0w,2025,USAP,Widebody,Carbon,Raw Texture/Peel Ply,Gen 1,Control,15.2,5,4.25,8.06,113,35%,7.60,99%,240,High,1980,54.8,22%,35,12%,17%,34,Firepower Soft
Engage,Pursuit Pro1 Hybrid,$259.99,PBEFFECT,https://a8qh.short.gy/pro1h,2025,USAP,Hybrid,Carbon,Raw Texture/Peel Ply,Gen 1,All-Court,12.7,5.5,4.25,7.96,101,1%,5.50,5%,220,Very High,2026,53.4,8%,36,42%,25%,24,Firepower Soft
Engage,Pursuit Pro1 Innovation 12.7,$279.99,PBEFFECT,https://a8qh.short.gy/EI12.7,2025,USAP,Elongated,Carbon,Raw Texture/Peel Ply,Gen 1,Power,12.7,5.6,4.25,7.9,120,82%,5.90,19%,244,Very High,2059,56.1,63%,36.6,74%,68%,63,Firepower Balanced
Engage,Pursuit Pro1 Innovation 15.2,$279.99,PBEFFECT,https://a8qh.short.gy/EI15.2,2025,USAP,Elongated,Carbon,Raw Texture/Peel Ply,Gen 1,Power,15.2,5.6,4.25,7.92,125,97%,6.31,48%,252,Very High,2020,55.8,50%,36,42%,46%,55,Firepower Balanced
Engage,Pursuit Pro1 Widebody,$259.99,PBEFFECT,https://a8qh.short.gy/pro1w,2025,USAP,Widebody,Carbon,Raw Texture/Peel Ply,Gen 1,Control,12.7,5,4.25,8.1,105,4%,6.64,69%,224,Very High,2019,53.2,6%,35.5,24%,15%,17,Firepower Soft
Engage,Pursuit V2,$179.99,PBEFFECT,https://a8qh.short.gy/PV2,2024,USAP,Hybrid,Carbon,Raw Texture/Peel Ply,Gen 1 ,All-Court,15.2,5.3,4.25,7.85,111,23%,5.94,22%,235,Very High,2119,55.2,31%,36.3,59%,45%,49,Firepower Control+
Enhance,Duo Elongated,$174.99,PBEFFECT,https://a8qh.short.gy/duo-e,2025,USAP,Elongated,Carbon,Raw Texture/Peel Ply,Gen 4,Power,16,5.5,4.25,8.1,119,78%,6.3,46%,243,Very High,2063,56.9,92%,36.7,81%,86%,74,Firepower High
Enhance,Gen 4.5,$175,PBEFFECT,https://a8qh.short.gy/4.5,2025,USAP,Elongated,Carbon,Raw Texture/Peel Ply,Gen 4,Power,16,5.5,4.1,8.2,122,88%,6.2,38%,241,Very High,2036,56.3,69%,36.3,59%,64%,64,Firepower Balanced
F+B,Runout E,$200,PBEFFECT,https://a8qh.short.gy/ROE,2025,USAP,Elongated,Carbon,Raw Texture/Peel Ply,Gen 1.5,All-Court,12.7,5.5,4.1,8,114,43%,5.76,11%,239,Very High,2001,56,58%,35.9,37%,48%,57,Firepower Balanced
F+B,Runout H,$200,PBEFFECT,https://a8qh.short.gy/ROH,2025,USAP,Hybrid,Carbon,Raw Texture/Peel Ply,Gen 1.5,All-Court,12.7,5.5,4.1,8.1,113,35%,6.25,42%,237,Very High,2010,55.7,44%,36,42%,43%,54,Firepower Balanced
F+B,Runout S,$200,PBEFFECT,https://a8qh.short.gy/ROS,2025,USAP,Widebody,Carbon,Raw Texture/Peel Ply,Gen 1.5,All-Court,12.7,5.5,4.1,8.18,110,18%,6.65,69%,234,Very High,2018,55.4,35%,36.2,52%,44%,51,Firepower Balanced
Franklin,C45 Dynasty 14,$229.99,PBEFFECT,https://a8qh.short.gy/45D14,2025,USAP/UPA-A,Elongated,Carbon,Raw Texture/Peel Ply,Gen 3,Power,14,5.6,4.3,7.9,117,63%,5.94,22%,231,Very High,2068,56.6,82%,36.4,64%,73%,68,Firepower High
Franklin,C45 Dynasty 16,$229.99,PBEFFECT,https://a8qh.short.gy/45D16,2025,USAP/UPA-A,Elongated,Carbon,Raw Texture/Peel Ply,Gen 3,Power,16,5.6,4.3,7.8,117,63%,5.94,22%,232,Very High,2034,56.4,75%,35.9,37%,56%,62,Firepower Balanced
Franklin,C45 Hybrid,$229.99,PBEFFECT,https://a8qh.short.gy/C45,2025,USAP/UPA-A,Hybrid,Carbon,Raw Texture/Peel Ply,Gen 3,All-Court,14,5.5,4.125,7.55,106,6%,5.6,7%,237,High,1982,54.8,22%,35.3,18%,20%,37,Firepower Control+
Franklin,C45 Parris Todd,$229.99,PBEFFECT,https://a8qh.short.gy/pt,2025,USAP/UPA-A,Hybrid,Carbon,Raw Texture/Peel Ply,Gen 3,,13.25,,4.125,7.5,104,3%,5.47,5%,234,,,,,,,,,
Franklin,C45 Tempo 14,$229.99,PBEFFECT,https://a8qh.short.gy/45T14,2025,USAP/UPA-A,Widebody,Carbon,Raw Texture/Peel Ply,Gen 3,All-Court,14,5,4.3,7.8,105,4%,6.34,49%,242,Very High,2016,56.1,63%,36,42%,52%,59,Firepower Balanced
Franklin,C45 Tempo 16,$229.99,PBEFFECT,https://a8qh.short.gy/45T16,2025,USAP/UPA-A,Widebody,Carbon,Raw Texture/Peel Ply,Gen 3,All-Court,16,5,4.3,7.9,105,4%,6.53,61%,243,Very High,2037,55.9,54%,35.8,35%,44%,55,Firepower Balanced
Franklin,Dynasty 12 Feather Weight,$149.99,PBEFFECT,https://a8qh.short.gy/F12,2024,USAP/UPA-A,Elongated,Carbon,Raw Texture/Peel Ply,Gen 2,All-Court,12,5.75,4.3,7.25,109,14%,5.70,10%,242,High,1936,55.7,44%,35.2,17%,30%,48,Firepower Control+
Franklin,FS Tour Dynasty (14mm),$150,PBEFFECT,https://a8qh.short.gy/D14,2023,USAP,Elongated,Carbon,Raw Texture/Peel Ply,Gen 2,Power,14,5.6,4.3,8.28,124,94%,6.56,63%,242,High,1975,55.6,41%,35.4,20%,31%,48,Firepower Control+
Franklin,FS Tour Dynasty (16mm),$150,PBEFFECT,https://a8qh.short.gy/D16,2023,USAP,Elongated,Carbon,Raw Texture/Peel Ply,Gen 2,All-Court,16,5.6,4.3,8.69,134,100%,7.22,93%,246,Medium,1864,56.1,63%,34.4,4%,34%,47,Firepower Control+
Franklin,FS Tour Tempo (14mm),$150,PBEFFECT,https://a8qh.short.gy/T14,2023,USAP,Widebody,Carbon,Raw Texture/Peel Ply,Gen 2,All-Court,14,5,4.3,8.47,117,63%,7.23,93%,235,Medium,1920,55.9,54%,35.2,17%,35%,50,Firepower Balanced
Franklin,FS Tour Tempo (16mm),$150,PBEFFECT,https://a8qh.short.gy/T16,2023,USAP,Widebody,Carbon,Raw Texture/Peel Ply,Gen 2,Control,16,5,4.3,8.9,123,92%,7.68,99%,234,Medium,1925,55.7,44%,33.7,1%,23%,37,Firepower Control+
Friday,Challenger,$89,PBEFFECT,https://a8qh.short.gy/Friday,2024,USAP,Elongated,Carbon,Raw Texture/Peel Ply,Gen 2,All-Court,16,5.5,4.25,7.7,112,29%,5.80,13%,238,Medium,1889,55.7,44%,36.2,52%,48%,55,Firepower Balanced
Friday,Fever,$99,PBEFFECT,https://a8qh.short.gy/Fever,2025,USAP,Elongated,Carbon,Raw Texture/Peel Ply,Gen 3,Power,16,5.5,4.25,7.75,113,35%,5.66,9%,241,Very High,2035,56.3,69%,36.1,47%,58%,62,Firepower Balanced
Friday,Fever 2,$99,PBEFFECT,https://a8qh.short.gy/Fever102,2025,USAP,Widebody,Carbon,Raw Texture/Peel Ply,Gen 3,All-Court,16,5.5,4.25,8.03,112,29%,6.95,86%,238,Very High,2015,55.9,54%,35.6,28%,41%,53,Firepower Balanced
Friday,Original,$69,PBEFFECT,https://a8qh.short.gy/Friday,2024,USAP,Hybrid,Carbon,Paint Grit,Gen 2,All-Court,16,5.5,4.25,8.2,118,70%,6.29,45%,239,Medium,1926,56.3,69%,35.3,18%,44%,56,Firepower Balanced
Gamma,RCF-Airbender 16,$199.99,PBEFFECT,https://a8qh.short.gy/Bender,2024,USAP,Elongated,Carbon,Raw Texture/Peel Ply,Gen 2,Control,16,5.3,4.125,8.45,118,70%,5.80,13%,,Medium,1896,54.9,23%,34.9,12%,17%,35,Firepower Control+
Gamma,RCF-Obsidian 10,$159.99,PBEFFECT,https://a8qh.short.gy/O10,2024,USAP,Elongated,Carbon,Raw Texture/Peel Ply,Gen 2,All-Court,10,5.75,4.125,7.9,116,57%,5.87,17%,243,Low,1813,55,26%,36.1,47%,37%,45,Firepower Control+
Gamma,RCF-Obsidian 13,$159.99,PBEFFECT,https://a8qh.short.gy/O13,2024,USAP,Elongated,Carbon,Raw Texture/Peel Ply,Gen 2,All-Court,13,5.75,4.125,8.03,116,57%,6.18,37%,240,Medium,1893,54.4,18%,34.8,8%,13%,28,Firepower Soft
Gamma,RCF-Obsidian 16,$159.99,PBEFFECT,https://a8qh.short.gy/O16,2024,USAP,Elongated,Carbon,Raw Texture/Peel Ply,Gen 2,Control,16,5.75,4.125,8.13,120,82%,6.53,61%,244,Medium,1897,55.2,31%,34.6,6%,18%,37,Firepower Control+
Gearbox,CX14H Ultimate Power,$249.99,N/A,https://a8qh.short.gy/CX14U,2023,USAP,Widebody,Carbon,Paint Grit,Gen 1/Edgeless,All-Court,14,5.5,4,8.5,96,0%,5.31,2%,203,,,,,,,,,
Gearbox,GX2 Elongated,$269.99,PBEFFECT,https://a8qh.short.gy/GX2E,2025,USAP,Elongated,Carbon,Raw Texture/Peel Ply,No Gen,All-Court,16,5.5,4.125,7.94,120,82%,5.65,9%,250,Very High,2047,56,58%,36.1,47%,53%,58,Firepower Balanced
Gearbox,GX2 Hyper,$269.99,PBEFFECT,https://a8qh.short.gy/GX2H,2025,USAP,Widebody,Carbon,Raw Texture/Peel Ply,No Gen,All-Court,16,5.5,4.125,8,109,14%,6.51,60%,240,Very High,2009,55.4,35%,36.1,47%,41%,50,Firepower Balanced
Gearbox,GX2 Integra XL,$269.99,PBEFFECT,https://a8qh.short.gy/GX2I,2025,USAP,Hybrid,Carbon,Raw Texture/Peel Ply,No Gen,All-Court,16,5.5,4.125,7.91,118,70%,5.69,10%,248,Very High,2025,55.9,54%,35.9,37%,45%,55,Firepower Balanced
Gearbox,GX2 Power Elongated,$279.99,PBEFFECT,https://a8qh.short.gy/GX2PE,2025,USAP,Elongated,Carbon,Raw Texture/Peel Ply,No Gen,Power,16,5.5,4.125,8,118,70%,6.22,40%,246,Very High,2021,56.9,92%,36.5,69%,80%,73,Firepower High
Gearbox,GX2 Power Hybrid,$279.99,PBEFFECT,https://a8qh.short.gy/GX2PH,2025,USAP,Hybrid,Carbon,Raw Texture/Peel Ply,No Gen,Power,16,5.5,4.125,7.9,113,35%,6.66,70%,242,Very High,2049,56.8,88%,36.6,74%,81%,72,Firepower High
Gearbox,Pro Control Elongated,$274.99,N/A,https://a8qh.short.gy/PCE,2023,USAP,Elongated,Carbon,Raw Texture/Peel Ply,Gen 3/Edgeless,All-Court,14,5.5,4,8.07,123,92%,5.01,0%,247,Medium,1914,54.1,14%,34.2,3%,8%,19,Firepower Soft
Gearbox,Pro Control Integra,$274.99,N/A,https://a8qh.short.gy/PCF,2023,USAP,Widebody,Carbon,Raw Texture/Peel Ply,Gen 3/Edgeless,All-Court,14,5.5,4,7.95,116,57%,5.12,1%,246,High,1954,53.9,12%,34.8,8%,10%,21,Firepower Soft
Gearbox,Pro Power Elongated,$274.99,N/A,https://a8qh.short.gy/PPE,2023,Unapproved,Elongated,Carbon,Raw Texture/Peel Ply,Gen 3/Edgeless,Power,14,5.5,4,7.88,121,85%,5.16,1%,248,High,1986,57.4,97%,36.9,86%,92%,82,Firepower Elite
Gearbox,Pro Power Integra,$274.99,N/A,https://a8qh.short.gy/PPF,2023,USAP,Widebody,Carbon,Raw Texture/Peel Ply,Gen 3/Edgeless,Power,14,5.5,4,7.98,114,43%,4.96,0%,241,High,1951,56.1,63%,36.1,47%,55%,60,Firepower Balanced
Gearbox,Pro Ultimate Elongated 14,$275,N/A,https://a8qh.short.gy/gpu14,2025,USAP,Elongated,Carbon,Raw Texture/Peel Ply,Gen 3/Edgeless,Power,14,5.5,4,8.05,125,97%,5.34,3%,255,High,1993,56.8,88%,36,42%,65%,68,Firepower High
Gearbox,Pro Ultimate Elongated 16,$274.99,N/A,https://a8qh.short.gy/GPU,2024,USAP,Elongated,Carbon,Raw Texture/Peel Ply,Gen 3/Edgeless,Power,16,5.5,4,8,124,94%,5.38,3%,256,High,1987,56.8,88%,35.9,37%,62%,67,Firepower High
Gearbox,Pro Ultimate Hyper,$274.99,N/A,https://a8qh.short.gy/PUH,2024,USAP,Widebody,Carbon,Raw Texture/Peel Ply,Gen 3/Edgeless,Power,16,5.25,4,8,115,49%,6.36,51%,248,High,1986,56.1,63%,36.6,74%,68%,63,Firepower Balanced
Gherkin,Draco,$179.99,PBEFFECT,https://a8qh.short.gy/draco,2026,USAP,Hybrid,Carbon,Raw Texture/Peel Ply,Gen 4,Power,16,5.5,4.25,8,113,35%,6.66,70%,235,Very High,2062,56.8,88%,37,90%,89%,75,Firepower High
Gherkin,Nightshade E,$135,PBEFFECT,https://a8qh.short.gy/nse,2025,USAP,Elongated,Carbon,Raw Texture/Peel Ply,Gen 2,All-Court,14,5.5,4.125,7.9,116,57%,6.01,26%,242,,,,,,,,,
Gherkin,Nightshade H,$135,PBEFFECT,https://a8qh.short.gy/nsh,2025,USAP,Hybrid,Carbon,Raw Texture/Peel Ply,Gen 2,All-Court,14,5.5,4.125,7.98,113,35%,6.15,35%,238,Very High,2007,54.6,20%,36.2,52%,36%,41,Firepower Control+
Gherkin,Wraith E,$135,PBEFFECT,https://a8qh.short.gy/wraithE,2025,USAP,Elongated,Carbon,Raw Texture/Peel Ply,Gen 3,All-Court,16,5.5,4.25,8,116,57%,5.96,24%,241,Very High,2061,56.7,86%,36.2,52%,69%,68,Firepower High
Gherkin,Wraith H ,$135,PBEFFECT,https://a8qh.short.gy/wraithH,2025,USAP,Hybrid,Carbon,Raw Texture/Peel Ply,Gen 3,All-Court,16,5.5,4.25,8,111,23%,6.1,30%,236,Very High,2035,56.7,86%,36.4,64%,75%,70,Firepower High
Gherkin,Wraith S,$135,PBEFFECT,https://a8qh.short.gy/wraithS,2025,USAP,Widebody,Carbon,Raw Texture/Peel Ply,Gen 3,All-Court,16,5.5,4.25,7.96,107,7%,6.5,59%,232,Very High,2043,56.6,82%,36.5,69%,76%,69,Firepower High
Gruvn,LAZR-16S,$169.99,PBEFFECT,https://a8qh.short.gy/L16S,2024,USAP,Hybrid,Kevlar/Carbon,Raw Texture/Peel Ply,Gen 2,All-Court,16,5.4,4.125,8,108,10%,7.13,91%,234,,,,,,,,,
Gruvn,LAZR-16X,$169.99,PBEFFECT,https://a8qh.short.gy/L16X,2024,USAP,Hybrid,Kevlar/Carbon,Raw Texture/Peel Ply,Gen 2,All-Court,16,5.5,4.125,8,118,70%,6.41,55%,241,,,,,,,,,
Gruvn,LAZR-16X Full Foam,$169,PBEFFECT,https://a8qh.short.gy/lfm,2026,USAP,Elongated,Kevlar,Raw Texture/Peel Ply,Gen 4,Power,16,5.5,4.125,7.98,118,70%,6.34,49%,245,Very High,2023,56.6,82%,36.5,69%,76%,69,Firepower High
Gruvn,MUVN-13S,$159,PBEFFECT,https://a8qh.short.gy/M13S,2024,USAP,Widebody,Carbon,Raw Texture/Peel Ply,Gen 2,All-Court,13,5.5,4.125,7.9,100,0%,6.40,53%,224,,,,,,,,,
Gruvn,MUVN-16HD Full Foam,$169,PBEFFECT,https://a8qh.short.gy/mff,2026,USAP,Hybrid,Carbon,Raw Texture/Peel Ply,Gen 4,Power,16,5.5,4.125,8.2,115,49%,6.67,71%,240,Very High,2031,55.3,34%,35.8,35%,35%,47,Firepower Control+
Head,Boom Tour EX,$200,N/A,https://a8qh.short.gy/BoomT,2024,USAP,Elongated,Carbon,Raw Texture/Peel Ply,Gen 2,Power,11,5.5,4.125,7.84,116,57%,5.46,4%,244,Very High,2074,56.5,78%,38.2,100%,89%,80,Firepower Elite
Head,Radical Nite,$219,N/A,https://a8qh.short.gy/Nite,2024,USAP,Elongated,Carbon,Paint Grit,Gen 2,Control,15,5.5,4.125,8.11,115,49%,5.91,21%,236,,,,,,,,,
Head,Tour Radical Raw EX,$169.95,N/A,https://a8qh.short.gy/EXRaw,2023,USAP,Elongated,Carbon,Raw Texture/Peel Ply,Gen 1,Control,15,5.5,4.125,8.17,115,49%,5.56,6%,236,,,,,,,,,
Holbrook,Aero Metallic TI (16mm),$219.99,PBEFFECT,https://a8qh.short.gy/PAM ,2024,USAP,Elongated,Titanium/Carbon,Raw Texture/Peel Ply,Gen 2,All-Court,16,5.5,4.25,7.95,117,63%,5.85,16%,240,High,1982,55.3,34%,35.5,24%,29%,45,Firepower Control+
Holbrook,Aero S (16mm),$199.99,PBEFFECT,https://a8qh.short.gy/AS16 ,2024,USAP,Widebody,Carbon,Raw Texture/Peel Ply,Gen 2,Control,16,5,4.25,7.8,105,4%,6.63,68%,232,,,,,,,,,
Holbrook,Aero T (14mm),$199.99,PBEFFECT,https://a8qh.short.gy/AT14 ,2024,USAP,Elongated,Carbon,Raw Texture/Peel Ply,Gen 2,All-Court,14,5.5,4.25,7.8,115,49%,5.70,10%,241,High,1968,55.7,44%,36.3,59%,52%,56,Firepower Balanced
Holbrook,Aero T (16mm),$199.99,PBEFFECT,https://a8qh.short.gy/AT16 ,2024,USAP,Elongated,Carbon,Raw Texture/Peel Ply,Gen 2,All-Court,16,5.5,4.25,7.81,113,35%,5.69,10%,238,Very High,2016,55.9,54%,36.2,52%,53%,58,Firepower Balanced
Holbrook,Aero X (14mm),$199.99,PBEFFECT,https://a8qh.short.gy/AX14 ,2024,USAP,Elongated ,Carbon,Raw Texture/Peel Ply,Gen 2,All-Court,14,5.25,4.25,7.8,112,29%,5.83,15%,239,High,1974,55.2,31%,36.2,52%,42%,49,Firepower Control+
Holbrook,Aero X (16mm),$199.99,PBEFFECT,https://a8qh.short.gy/AX16 ,2024,USAP,Elongated,Carbon,Raw Texture/Peel Ply,Gen 2,All-Court,16,5.25,4.25,7.82,113,35%,5.82,14%,238,High,1974,55.8,50%,36.1,47%,49%,56,Firepower Balanced
Holbrook,Arma S,$279.99,PBEFFECT,https://a8qh.short.gy/AS,2025,USAP,Widebody,Carbon,Raw Texture/Peel Ply,Gen 3,Power,14,,4.25,8.1,112,29%,7.11,91%,236,,,,,,,,,
Holbrook,Arma T,$279.99,PBEFFECT,https://a8qh.short.gy/AT,2025,USAP,Elongated,Carbon,Raw Texture/Peel Ply,Gen 3,Power,14,5.5,4.25,8,117,63%,6.23,40%,242,,,,,,,,,
Holbrook,Arma X,$279.99,PBEFFECT,https://a8qh.short.gy/AX,2025,USAP,Elongated,Carbon,Raw Texture/Peel Ply,Gen 3,Power,14,,4.25,8.2,118,70%,6.38,52%,240,,,,,,,,,
Holbrook,Mav Pro,$219.99,PBEFFECT,https://a8qh.short.gy/MP,2023,USAP,Elongated,Carbon,Raw Texture/Peel Ply,Gen 2,All-Court,13,5.5,4.25,8.17,123,92%,6.10,30%,245,,,,,,,,,
Holbrook,Power Pro,$219.99,PBEFFECT,https://a8qh.short.gy/HP,2023,USAP,Elongated,Carbon,Raw Texture/Peel Ply,Gen 2,All-Court,16,5.5,4.25,8.03,121,85%,6.39,52%,241,,,,,,,,,
Holbrook,Pro Power E,$219.99,PBEFFECT,https://a8qh.short.gy/HPE,2023,USAP,Elongated,Carbon,Raw Texture/Peel Ply,Gen 2,All-Court,16,5.25,4.25,8.25,122,88%,6.68,73%,241,,,,,,,,,
Honolulu Pickleball,J6CR,$195,PBEFFECT,https://a8qh.short.gy/J6CR,2026,USAP,Elongated,Carbon,Raw Texture/Peel Ply,Gen 4,Power,16,6,4.25,8,112,29%,6.22,40%,236,Very High,2048,56.7,86%,36.7,81%,83%,72,Firepower High
Honolulu Pickleball,J2FC+,$195,PBEFFECT,https://a8qh.short.gy/NFC+,2025,USAP,Hybrid,Carbon,Raw Texture/Peel Ply,Gen 4,Power,16,5.3,4.125,8,111,23%,6.7,74%,235,Very High,2002,56.3,69%,36.5,69%,69%,65,Firepower High
Honolulu Pickleball,J2NF,$195,PBEFFECT,https://a8qh.short.gy/J2NFC,2025,USAP,Hybrid,Carbon,Raw Texture/Peel Ply,Gen 4,Power,16,5.3,4.125,7.95,110,18%,6.67,71%,236,Very High,2054,56.1,63%,36.2,52%,58%,60,Firepower Balanced
Honolulu Pickleball,J2NF LH,$195,PBEFFECT,https://a8qh.short.gy/NFLH,2025,USAP,Hybrid,Carbon,Raw Texture/Peel Ply,Gen 4,Power,16,6,4.125,8,109,14%,6.60,66%,235,Very High,2060,56.2,67%,36.3,59%,63%,62,Firepower Balanced
Honolulu Pickleball,J2NFK,$195,PBEFFECT,https://a8qh.short.gy/J2NFK,2025,USAP,Hybrid,Kevlar,Raw Texture/Peel Ply,Gen 4,Power,16,5.3,4.125,8.1,112,29%,6.81,80%,236,Very High,2041,56.4,75%,36.3,59%,67%,65,Firepower High
Honolulu Pickleball,J2NFT,$195,PBEFFECT,https://a8qh.short.gy/J2NFT,2025,USAP,Hybrid,Titanium/Carbon,Raw Texture/Peel Ply,Gen 4,Power,16,5.3,4.125,8.3,114,43%,6.89,84%,236,Very High,2084,56.3,69%,36,42%,56%,61,Firepower Balanced
Honolulu Pickleball,J3NF,$195,PBEFFECT,https://a8qh.short.gy/J3NF,2025,USAP,Widebody,Carbon,Raw Texture/Peel Ply,Gen 4,Power,16,6,4.125,7.98,110,18%,6.7,74%,235,Very High,2073,56.3,69%,36.5,69%,69%,65,Firepower High
Honolulu Pickleball,J6FC+,$195,PBEFFECT,https://a8qh.short.gy/j6fc,2025,USAP,Elongated,Carbon,Raw Texture/Peel Ply,Gen 4,Power,16,6,4.25,8.13,118,70%,6.6,66%,239,,,,,,,,,
Honolulu Pickleball,J6NF,$195,PBEFFECT,https://a8qh.short.gy/J6NF,2025,USAP,Elongated,Carbon,Raw Texture/Peel Ply,Gen 4,Power,16,6,4.25,8.1,118,70%,6.57,64%,240,Very High,2050,56.3,69%,36.4,64%,67%,64,Firepower Balanced
Honolulu Pickleball,J7NF,$195,PBEFFECT,https://a8qh.short.gy/J7NF,2025,USAP,Elongated,Carbon,Raw Texture/Peel Ply,Gen 4,Power,16,6,4.125,8,116,57%,5.91,21%,239,,,,,,,,,
Honolulu Pickleball,Sword & Shield J2,$145,PBEFFECT,https://a8qh.short.gy/J2,2024,USAP,Hybrid,Carbon,Raw Texture/Peel Ply,Gen 2,Control,16,5.5,4.125,7.95,110,18%,6.81,80%,236,,,,,,,,,
Honolulu Pickleball,Sword & Shield J2K,$155,PBEFFECT,https://a8qh.short.gy/J2K,2024,USAP,Hybrid,Kevlar ,Raw Texture/Peel Ply,Gen 2,All-Court,16,5.5,4.125,8.22,115,49%,7.10,90%,237,High,1948,55.1,29%,36.4,64%,46%,49,Firepower Control+
Honolulu Pickleball,Sword & Shield J2K+,$165,PBEFFECT,https://a8qh.short.gy/J2K+,2025,USAP,Hybrid,Carbon,Raw Texture/Peel Ply,Gen 3,All-Court,16,5.5,4.125,8.26,115,49%,7.10,90%,238,High,1983,55,26%,36,42%,34%,44,Firepower Control+
Honolulu Pickleball,Sword & Shield J2Ti,$155,PBEFFECT,https://a8qh.short.gy/J2Ti,2024,USAP,Hybrid,Titanium/Carbon,Raw Texture/Peel Ply,Gen 2,Control,16,5.5,4.125,8.05,111,23%,6.60,66%,235,,,,,,,,,
Honolulu Pickleball,Sword & Shield J2Ti+,$165,PBEFFECT,https://a8qh.short.gy/J2Ti+,2025,USAP,Hybrid,Titanium/Carbon,Raw Texture/Peel Ply,Gen 3,All-Court,16,5.5,4.125,8.3,116,57%,7.16,92%,239,,,,,,,,,
Honolulu Pickleball,Sword & Shield J3k,$155,PBEFFECT,https://a8qh.short.gy/J3K,2024,USAP,Widebody,Kevlar/Carbon,Raw Texture/Peel Ply,Gen 2,All-Court,16,6,4.125,8.28,117,63%,7.22,93%,239,,,,,,,,,
Honolulu Pickleball,Sword & Shield J7K,$155,PBEFFECT,https://a8qh.short.gy/J7K,2024,USAP,Extra-elongated,Kevlar/Carbon,Raw Texture/Peel Ply,Gen 2,Power,16,6,4.125,8.25,123,92%,6.36,51%,242,,,,,,,,,
Hudef,Mage Pro,$99,PBEFFECT,https://a8qh.short.gy/Mage,2024,USAP,Elongated,Carbon,Raw Texture/Peel Ply,Gen 2,Control,16,5.35,4,7.77,113,35%,6.13,33%,241,,,,,,,,,
Hudef,Viva Pro Gen 2,$129.99,PBEFFECT,https://a8qh.short.gy/VGEN2,2023,USAP,Elongated,Carbon,Raw Texture/Peel Ply,Gen 2,All-Court,16,5.5,4.125,8.06,125,97%,6.43,55%,251,Medium,1854,55.5,38%,35.4,20%,29%,47,Firepower Control+
Hudef,Viva Pro Gen 3,$169.99,PBEFFECT,https://a8qh.short.gy/G3,2024,USAP,Elongated,Kevlar/Carbon,Raw Texture/Peel Ply,Gen 2,All-Court,16,5.5,4.125,7.76,119,78%,6.16,36%,250,,,,,,,,,
JOOLA,Agassi Edge (16mm),$99.95,N/A,https://a8qh.short.gy/AE16,2025,USAP,Elongated,Carbon,Raw Texture/Peel Ply,Gen 1,Control,16,5.5,4.25,7.8,109,14%,5.47,5%,236,,,,,,,,,
JOOLA,Agassi Pro (14mm),$279.95,N/A,https://a8qh.short.gy/AP14,2025,USAP/UPA-A,Elongated,Carbon,Raw Texture/Peel Ply,Gen 3,Power,14,5.5,4.125,8.1,116,57%,6.02,27%,240,Very High,2026,56.4,75%,36.8,83%,79%,69,Firepower High
JOOLA,Agassi Pro (16mm),$279.95,N/A,https://a8qh.short.gy/ap16,2025,USAP/UPA-A,Elongated,Carbon,Raw Texture/Peel Ply,Gen 3,Power,16,5.5,4.25,8.17,117,63%,6.14,34%,238,Very High,2014,,,,,,,
JOOLA,Hyperion 3S (14mm),$279.95,N/A,https://a8qh.short.gy/3SH14,2024,UPA-A,Elongated,Carbon,Raw Texture/Peel Ply,Gen 3,Power,14,5.5,4.125,7.85,115,49%,6.01,26%,245,High,1967,55.9,54%,36.2,52%,53%,58,Firepower Balanced
JOOLA,Hyperion 3S (16mm),$279.95,N/A,https://a8qh.short.gy/3SH16,2024,UPA-A,Elongated,Carbon,Raw Texture/Peel Ply,Gen 3,Power,16,5.5,4.25,7.9,115,49%,6.12,32%,244,High,1989,57.2,96%,36.9,86%,91%,80,Firepower Elite
JOOLA,Magnus 3S (14mm),$279.95,N/A,https://a8qh.short.gy/3SM14,2024,UPA-A,Elongated,Carbon,Raw Texture/Peel Ply,Gen 3,Power,14,5,4.125,7.9,113,35%,6.13,33%,240,,,,,,,,,
JOOLA,Magnus 3S (16mm),$275,N/A,https://a8qh.short.gy/Mag14,2024,UPA-A,Elongated,Carbon,Raw Texture/Peel Ply,Gen 3,Power,16,5.5,4.25,8.14,118,70%,6.45,56%,242,High,1949,,,,,,,
JOOLA,Mod TA-15 (16mm),$279.95,N/A,https://a8qh.short.gy/Mod16,2024,Unapproved,Elongated,Carbon,Raw Texture/Peel Ply,Gen 3,Power,16,5.5,4.25,7.84,116,57%,6.10,30%,244,Very High,2014,57.8,99%,37.2,95%,97%,90,Firepower Elite
JOOLA,Mod-TA-15 (14mm),$279.95,N/A,https://a8qh.short.gy/mod14,2024,Unapproved,Elongated,Carbon,Raw Texture/Peel Ply,Gen 3,Power,14,5.5,4.125,7.56,112,29%,5.77,12%,243,Very High,2044,58.4,100%,37.9,99%,100%,100,Firepower Elite
JOOLA,Perseus (14 mm),$249.99,N/A,https://a8qh.short.gy/P14,2023,USAP,Elongated,Carbon,Raw Texture/Peel Ply,Gen 2,Power,14,5.5,4.125,7.93,121,85%,5.77,12%,247,,,,,,,,,
JOOLA,Perseus (16 mm),$249.99,N/A,https://a8qh.short.gy/P16,2023,USAP,Elongated,Carbon,Raw Texture/Peel Ply,Gen 2,Control,16,5.5,4.25,7.85,117,63%,5.87,17%,244,Low,1818,52.8,2%,34.8,8%,5%,7,Firepower Soft
JOOLA,Perseus 3S (14mm),$279.95,N/A,https://a8qh.short.gy/3SP14,2024,UPA-A,Elongated,Carbon,Raw Texture/Peel Ply,Gen 3,Power,14,5.5,4.125,7.9,117,63%,6.00,25%,244,,,56.4,75%,37,90%,82%,70,Firepower High
JOOLA,Perseus Pro IV (14mm),$279.95,N/A,https://a8qh.short.gy/PP14,2025,USAP/UPA-A,Elongated,Carbon,Raw Texture/Peel Ply,Gen 3,Power,14,5.5,4.125,7.95,116,57%,6.08,29%,241,High,1964,56.1,63%,37.1,93%,78%,67,Firepower High
JOOLA,Perseus Pro IV (16mm),$279.95,N/A,https://a8qh.short.gy/PP416,2025,USAP/UPA-A,Elongated,Carbon,Raw Texture/Peel Ply,Gen 3,Power,16,5.5,4.25,8.2,118,70%,6.29,45%,242,High,1971,56.5,78%,36.9,86%,82%,71,Firepower High
JOOLA,Scorpeus (14 mm),$249.99,N/A,https://a8qh.short.gy/S14,2023,USAP,Widebody,Carbon,Raw Texture/Peel Ply,Gen 2,All-Court,14,5.25,4.125,7.65,108,10%,6.45,56%,238,Medium,1856,52.8,2%,35.6,28%,15%,13,Firepower Soft
JOOLA,Scorpeus (16 mm),$249.99,N/A,https://a8qh.short.gy/S16,2023,USAP,Widebody,Carbon,Raw Texture/Peel Ply,Gen 2,Control,16,5.25,4.25,8.02,113,35%,6.86,83%,238,Low,1845,52.6,2%,34.6,6%,4%,3,Firepower Soft
JOOLA,Scorpeus 3S (14mm),$279.95,N/A,https://a8qh.short.gy/3SS14,2024,UPA-A,Widebody,Carbon,Raw Texture/Peel Ply,Gen 3,Power,14,5.5,4.125,7.85,111,23%,6.78,79%,240,Very High,2068,56,58%,36.5,69%,64%,61,Firepower Balanced
JOOLA,Scorpeus 3S (16mm),$279.95,N/A,https://a8qh.short.gy/S3S16,2024,UPA-A,Widebody,Carbon,Raw Texture/Peel Ply,Gen 3,Power,16,5.5,4.25,8.12,116,57%,7.23,93%,241,Very High,2011,56.2,67%,37.2,95%,81%,69,Firepower High
JOOLA,Scorpeus Pro IV (14mm),$279.95,N/A,https://a8qh.short.gy/S414,2025,USAP/UPA-A,Widebody,Carbon,Raw Texture/Peel Ply,Gen 3,Power,14,5.5,4.125,8.16,111,23%,7.04,88%,237,Very High,2002,56.7,86%,36.4,64%,75%,70,Firepower High
JOOLA,Scorpeus Pro IV (16 mm),$279.95,N/A,https://a8qh.short.gy/S416,2025,USAP/UPA-A,Widebody,Carbon,Raw Texture/Peel Ply,Gen 3,Power,16,5.5,4.25,8.16,111,23%,7.09,89%,236,Very High,2027,56.6,82%,36.7,81%,82%,70,Firepower High
JOOLA ,Hyperion 3S (16mm),$279.95,N/A,https://a8qh.short.gy/H3S16,2024,UPA-A,Elongated,Carbon,Raw Texture/Peel Ply,Gen 3,Power,16,5.5,4.25,7.89,115,49%,6.10,30%,243,Very High,2010,56.6,82%,36.6,74%,78%,70,Firepower High
JOOLA ,Perseus 3S (16mm),$279.95,N/A,https://a8qh.short.gy/P3S16,2024,UPA-A,Elongated,Carbon,Raw Texture/Peel Ply,Gen 3,Power,16,5.5,4.25,8,121,85%,6.27,43%,245,High,1983,56.4,75%,36.7,81%,78%,68,Firepower High
Luzz,Glider,$129,PBEFFECT,https://a8qh.short.gy/glid,2025,USAP,Hybrid,Carbon,Raw Texture/Peel Ply,Gen 3,All-Court,16,5.3,4.15,7.87,107,7%,6.14,34%,236,Very High,2077,56.1,63%,36.2,52%,58%,60,Firepower Balanced
Luzz,Pro Cannon,$109,PBEFFECT,https://a8qh.short.gy/cannon,2025,USAP/UPA-A,Elongated,Carbon,Raw Texture/Peel Ply,Gen 3,Power,16,5.5,4.25,7.9,119,78%,6.21,39%,244,Very High,2076,56.8,88%,36.6,74%,81%,72,Firepower High
Luzz,Pro-4 Inferno,$229,PBEFFECT,https://a8qh.short.gy/inferno,2025,USAP/UPA-A,Elongated,Carbon,Raw Texture/Peel Ply,Gen 4,Power,16,5.5,4.25,7.88,119,78%,6.17,36%,244,Very High,2027,57.1,95%,37.1,93%,94%,80,Firepower Elite
Luzz,Tornazo,$229,PBEFFECT,https://a8qh.short.gy/tornazo,2025,USAP/UPA-A,Elongated,Carbon,Raw Texture/Peel Ply,Gen 4,Power,16,5.5,4.25,7.9,118,70%,6.05,28%,245,Very High,2111,56.9,92%,36.9,86%,89%,76,Firepower High
Mark,One,$159.99,PBEFFECT,https://a8qh.short.gy/One,2024,USAP,Hybrid,Kevlar/Carbon,Raw Texture/Peel Ply,Gen 2,All-Court,16,5.3,4.125,8.18,119,78%,6.57,64%,242,,,,,,,,,
Mark,OneX,$159.99,PBEFFECT,https://a8qh.short.gy/OneX,2024,USAP,Hybrid,Kevlar/Carbon,Raw Texture/Peel Ply,Gen 2,All-Court,16,5.75,4.125,7.94,117,63%,6.46,57%,244,,,,,,,,,
Mark,Two,$159.99,PBEFFECT,https://a8qh.short.gy/M2,2024,USAP,Elongated,Kevlar/Carbon,Raw Texture/Peel Ply,Gen 2,All-Court,16,5.3,4.125,8.24,123,92%,6.66,70%,245,,,,,,,,,
Maverix,Havik-15 All-Court,$180,PBEFFECT,https://a8qh.short.gy/15AC,2024,USAP,Elongated,Carbon,Raw Texture/Peel Ply,Gen 2,Control,15,5.3,4.125,8.18,118,70%,6.57,64%,239,Medium,1893,55.2,31%,36.1,47%,39%,48,Firepower Control+
Maverix,Havik-15 Pro,$200,PBEFFECT,https://a8qh.short.gy/15Pro,2024,USAP,Elongated,Kevlar/Carbon,Raw Texture/Peel Ply,Gen 2,All-Court,15,5.3,4.125,8.23,118,70%,6.46,57%,240,Medium,1889,55.5,38%,36.6,74%,56%,55,Firepower Balanced
Neonic,Flare Prime X,$139.99,PBEFFECT,https://a8qh.short.gy/FPX14,2024,USAP,Widebody,Carbon,Raw Texture/Peel Ply,Gen 2,All-Court,14,5.5,4.125,7.77,107,7%,6.75,77%,237,Very High,2003,55.6,41%,35.6,28%,34%,49,Firepower Control+
Neonic,Flare Titanium 16mm,$149.99,PBEFFECT,https://a8qh.short.gy/FT16,2024,USAP,Widebody,Titanium/Carbon,Raw Texture/Peel Ply,Gen 2,Control,16,5.5,4.125,8.15,114,43%,7.06,89%,239,Very High,2015,55.2,31%,35.5,24%,27%,43,Firepower Control+
Neonic,Flow,$129.99,PBEFFECT,https://a8qh.short.gy/Flow,2024,USAP,Hybrid,Carbon,Raw Texture/Peel Ply,Gen 2,Control,16,5.2,4.125,8.14,117,63%,6.58,65%,238,Medium,1914,54.2,16%,34.7,8%,12%,24,Firepower Soft
Neonic,Flow Prime X,$139.99,PBEFFECT,https://a8qh.short.gy/NFX,2024,USAP,Hybrid,Carbon,Raw Texture/Peel Ply,Gen 2,All-Court,16,5.5,4.125,7.8,111,23%,6.11,31%,240,,,,,,,,,
Neonic,Force,$99.99,PBEFFECT,https://a8qh.short.gy/force16,2023,USAP,Elongated,Carbon,Raw Texture/Peel Ply,Gen 2,All-Court,16,5.3,4.125,8.06,116,57%,6.35,50%,238,Low,1814,54.3,17%,34.8,8%,12%,26,Firepower Soft
Paddletek,Bantam ALW-C 12.7,$250,N/A,https://a8qh.short.gy/alw12,2024,USAP/UPA-A,Widebody,Carbon,Raw Texture/Peel Ply,Gen 1,Power,12.7,5.25,4.25,7.55,102,1%,6.54,62%,234,Very High,2083,55.7,44%,37.1,93%,68%,62,Firepower Balanced
Paddletek,Bantam ALW-C 14.3,$250,N/A,https://a8qh.short.gy/alw14,2024,USAP/UPA-A,Widebody,Carbon,Raw Texture/Peel Ply,Gen 1,All-Court,14.3,5.25,4.25,7.7,105,4%,6.50,59%,237,Very High,2056,55.4,35%,36.3,59%,47%,52,Firepower Balanced
Paddletek,Bantam ESQ-C 12.7,$250,N/A,https://a8qh.short.gy/esq12,2024,USAP/UPA-A,Widebody,Carbon,Raw Texture/Peel Ply,Gen 1,Power,12.7,5.5,4.25,7.82,103,2%,6.78,79%,236,Very High,2071,55.9,54%,37.2,95%,74%,65,Firepower High
Paddletek,Bantam ESQ-C 14.3,$250,N/A,https://a8qh.short.gy/esq14,2024,USAP/UPA-A,Widebody,Carbon,Raw Texture/Peel Ply,Gen 1,All-Court,14.3,5.5,4.25,7.85,106,6%,6.69,73%,232,Very High,2059,55.6,41%,36.6,74%,57%,57,Firepower Balanced
Paddletek,Bantam GTO-C 12.7,$250,N/A,https://a8qh.short.gy/GTO12,2025,USAP,Hybrid,Carbon,Raw Texture/Peel Ply,Gen 1,Power,12.7,5.75,5.75,7.9,118,70%,7.55,99%,247,,,,,,,,,
Paddletek,Bantam GTO-C 14.3,$250,N/A,https://a8qh.short.gy/GTO14,2025,USAP/UPA-A,Hybrid,Carbon,Raw Texture/Peel Ply,Gen 1,All-Court,14.3,5.75,5.75,7.93,117,63%,6.69,73%,244,,,,,,,,,
Paddletek,Bantam TKO-C 12.7,$229.99,N/A,https://a8qh.short.gy/C12.7,2024,USAP,Elongated,Carbon,Raw Texture/Peel Ply,Gen 1,Power,12.7,5.25,4.25,7.78,114,43%,6.60,66%,243,Medium,1903,56.6,82%,37.7,99%,91%,78,Firepower High
Paddletek,Bantam TKO-C 14.3,$229.99,N/A,https://a8qh.short.gy/C14.3,2024,USAP/UPA-A,Elongated,Carbon,Raw Texture/Peel Ply,Gen 1,Power,14.3,5.25,4.25,7.75,115,49%,6.48,58%,245,Medium,1910,56.8,88%,37.4,98%,93%,78,Firepower High
Paddletek,Bantam TKO-CX 12.7,$229.99,N/A,https://a8qh.short.gy/CX12.7,2024,USAP/UPA-A,Elongated,Carbon,Raw Texture/Peel Ply,Gen 1,Power,12.7,5.75,4.25,7.82,117,63%,6.97,86%,247,,,,,,,,,
Paddletek,Bantam TKO-CX 14.3,$229.99,N/A,https://a8qh.short.gy/CX14.3,2024,USAP/UPA-A,Elongated,Carbon,Raw Texture/Peel Ply,Gen 1,Power,14.3,5.75,4.25,8.06,123,92%,7.35,96%,250,,,,,,,,,
Paddletek,Tempest Wave Pro-C,$209.99,N/A,https://a8qh.short.gy/WPro,2024,USAP,Widebody,Carbon,Raw Texture/Peel Ply,Gen 1,All-Court,14.3,5.25,4.25,7.92,108,10%,6.98,87%,236,Low,1835,54.5,19%,35.7,32%,26%,36,Firepower Control+
Pickleball Apes,Charm S,$199.99,PBEFFECT,https://a8qh.short.gy/charm-s,2025,USAP,Hybrid,Kevlar,Raw Texture/Peel Ply,Gen 4,All-Court,16,5.5,4.25,8.1,115,49%,6.32,48%,240,Very High,2051,56.5,78%,36.3,59%,69%,66,Firepower High
Pickleball Apes,Charm V,$199.99,PBEFFECT,https://a8qh.short.gy/charm-v,2025,USAP,Widebody,Kevlar,Raw Texture/Peel Ply,Gen 4,All-Court,16,5.5,4.25,8.14,111,23%,7.36,97%,236,Very High,2012,56.5,78%,36.4,64%,71%,67,Firepower High
Pickleball Apes,Charm X,$199.99,PBEFFECT,https://a8qh.short.gy/charm-x,2025,USAP,Elongated,Kevlar,Raw Texture/Peel Ply,Gen 4,All-Court,16,5.75,4.25,8.18,124,94%,6.3,46%,246,Very High,2075,56.3,69%,36.5,69%,69%,65,Firepower High
Pickleball Apes,Harmony S,$179.99,PBEFFECT,https://a8qh.short.gy/HAS,2025,USAP,Hybrid,Carbon,Raw Texture/Peel Ply,Gen 3,Control,16,5.5,4.25,7.9,114,43%,6.25,42%,240,,,,,,,,,
Pickleball Apes,Harmony V,$179.99,PBEFFECT,https://a8qh.short.gy/HAV,2025,USAP,Widebody,Carbon,Raw Texture/Peel Ply,Gen 3,Control,16,5.5,4.25,7.9,109,14%,7.23,93%,234,,,,,,,,,
Pickleball Apes,Harmony X,$179.99,PBEFFECT,https://a8qh.short.gy/HAX,2025,USAP,Elongated,Carbon,Raw Texture/Peel Ply,Gen 3,Control,16,5.75,4.25,8,120,82%,6.12,32%,245,Very High,2035,53.7,10%,35.5,24%,17%,24,Firepower Soft
Pickleball Apes,Pro Line Energy,$149.99,PBEFFECT,https://a8qh.short.gy/ApesE,2023,USAP,Extra-elongated,Kevlar/Carbon,Raw Texture/Peel Ply,Gen 2,Power,16.5,6.25,4.25,8.16,127,98%,5.89,18%,248,,,54.9,23%,,,,,
Pickleball Apes,Pro Line Energy S,$169.99,PBEFFECT,https://a8qh.short.gy/ApesES,2023,USAP,Hybrid,Kevlar/Carbon,Raw Texture/Peel Ply,Gen 2,All-Court,16.5,5.5,4.25,8.1,116,57%,6.26,43%,238,,,52,1%,,,,,
Pickleball Apes,Pulse E,$199.99,PBEFFECT,https://a8qh.short.gy/PulseE ,2024,USAP,Extra-elongated,Kevlar/Nylon,Raw Texture/Peel Ply,Gen 3,All-Court,16.5,6.25,4.25,8.26,127,98%,5.89,18%,247,High,1986,55.7,44%,35.9,37%,41%,53,Firepower Balanced
Pickleball Apes,Pulse S,$199.99,PBEFFECT,https://a8qh.short.gy/PulseS ,2024,USAP,Hybrid,Kevlar/Nylon,Raw Texture/Peel Ply,Gen 3,All-Court,16.5,5.5,4.25,7.98,114,43%,6.24,41%,240,High,1971,54.9,23%,36.2,52%,38%,45,Firepower Control+
Pickleball Apes,Pulse V,$199.99,PBEFFECT,https://a8qh.short.gy/PulseV ,2024,USAP,Widebody,Kevlar/Nylon,Raw Texture/Peel Ply,Gen 3,All-Court,16.5,5.5,4.25,8.13,112,29%,7.37,97%,237,High,1978,54.7,21%,36.1,47%,34%,41,Firepower Control+
Pickleball Apes,Pulse X,$199.99,PBEFFECT,https://a8qh.short.gy/PulseX,2025,USAP,Elongated,Kevlar,Raw Texture/Peel Ply,Gen 3,All-Court,16,5.5,4.25,8.1,121,85%,6.14,34%,245,,,,,,,,,
PIKKL,Hurricane Pro 14mm,$159.99,PBEFFECT,https://a8qh.short.gy/HP14,2024,USAP/UPA-A,Widebody,Carbon,Raw Texture/Peel Ply,Gen 2,Control,14,5.5,4.25,7.83,108,10%,6.67,71%,237,High,1979,53.1,6%,35.5,24%,15%,16,Firepower Soft
PIKKL,Hurricane Pro 16mm,$159.99,PBEFFECT,https://a8qh.short.gy/H16,2024,USAP,Widebody,Carbon,Raw Texture/Peel Ply,Gen 2,Control,16,5.5,4.25,7.9,111,23%,6.95,86%,238,High,1991,52.8,2%,35.3,18%,10%,11,Firepower Soft
PIKKL,Vantage Pro 14mm,$139.99,PBEFFECT,https://a8qh.short.gy/VP14,2023,USAP,Hybrid,Carbon,Raw Texture/Peel Ply,Gen 2,Control,14,5.3,4.25,8.04,115,49%,6.28,44%,236,High,1998,53.2,6%,,,,,
PIKKL,Vantage Pro 16mm,$139.99,PBEFFECT,https://a8qh.short.gy/VP16,2023,USAP/UPA-A,Hybrid,Carbon,Raw Texture/Peel Ply,Gen 2,Control,16,5.3,4.25,8.4,121,85%,6.69,73%,237,High,1996,53.7,10%,,,,,
Prokennex,Black Ace 14,$279,PBEFFECT,https://a8qh.short.gy/BA14,2024,USAP,Widebody,Carbon,Raw Texture/Peel Ply,Gen 1.5/Edgeless,All-Court,14,5.3,4,7.8,102,1%,6.57,64%,224,Very High,2042,54.9,23%,37.1,93%,58%,51,Firepower Balanced
Prokennex,Black Ace 16,$279,PBEFFECT,https://a8qh.short.gy/BA16,2024,USAP,Widebody,Carbon,Raw Texture/Peel Ply,Gen 1.5/Edgeless,Control,16,5.3,4,8,109,14%,6.92,85%,234,Very High,2056,55.4,35%,36.3,59%,47%,52,Firepower Balanced
Prokennex,Black Ace LG 14,$279,PBEFFECT,https://a8qh.short.gy/LG14,2024,USAP/UPA-A,Elongated,Carbon,Raw Texture/Peel Ply,Gen 1.5/Edgeless,Power,14,5.9,4,7.8,107,7%,5.60,7%,229,Very High,2056,55.7,44%,37.1,93%,68%,62,Firepower Balanced
Prokennex,Black Ace XF 14,$279,PBEFFECT,https://a8qh.short.gy/XF14,2024,USAP,Elongated,Carbon,Raw Texture/Peel Ply,Gen 1.5/Edgeless,All-Court,14,5.1,4,7.8,101,1%,5.40,3%,221,High,1993,54.7,21%,36.4,64%,42%,43,Firepower Control+
Proton,Project Flamingo,$280,N/A,https://a8qh.short.gy/PF,2025,USAP/UPA-A,Elongated,Carbon,Raw Texture/Peel Ply,Gen 3,Power,15,5.25,4.25,8.16,121,85%,6.78,79%,242,High,1982,55.9,54%,37.4,98%,76%,66,Firepower High
Proton,Project Peacock,$280,N/A,https://a8qh.short.gy/pp,2025,USAP/UPA-A,Elongated,Carbon,Raw Texture/Peel Ply,Gen 4,Power,15,5.25,4.25,8,116,57%,6.27,43%,243,Very High,2093,56.8,88%,36.9,86%,87%,75,Firepower High
Proton,Series 1 Type A Elongated 11mm,$280,PBEFFECT,https://a8qh.short.gy/S1AE11,2024,USAP,Elongated,Carbon,Nanotak,Gen 1,,11,5.5,4.25,8.14,124,94%,5.91,21%,247,,,,,,,,,
Proton,Series 1 Type A Elongated 15mm,$280,PBEFFECT,https://a8qh.short.gy/1AE15,2024,USAP,Elongated,Carbon,Nanotak,Gen 1,,15,5.5,4.25,8.6,135,100%,6.52,60%,251,High,1938,55.9,54%,35.9,37%,45%,55,Firepower Balanced
Proton,Series 1 Type A Square Shape 11mm,$280,PBEFFECT,https://a8qh.short.gy/1AS11,2024,USAP,Widebody,Carbon,Nanotak,Gen 1,,11,5.25,4.25,7.96,114,43%,6.59,66%,242,High,2000,54.4,18%,36.1,47%,32%,37,Firepower Control+
Proton,Series 2,$220,PBEFFECT,https://a8qh.short.gy/S2,2024,USAP,Hybrid,Carbon,Paint Grit,Gen 1/Edgeless,,15,5.375,4.25,8.38,121,85%,5.92,22%,240,,,,,,,,,
Proton,Series 3,$250,PBEFFECT,https://a8qh.short.gy/S3,2024,USAP,Elongated,Carbon,Raw Texture/Peel Ply,Gen 2,,16,5.3,4.25,8.2,124,94%,6.88,83%,245,,,,,,,,,
Proton,Series 4,$300,PBEFFECT,https://a8qh.short.gy/S4,2024,USAP,Elongated,Kevlar/Carbon,Raw Texture/Peel Ply,Gen 2/Edgeless,,16,5.3,4.25,7.8,111,23%,5.51,5%,237,High,1944,54.9,23%,34.6,6%,14%,33,Firepower Soft
ProXR,Sweet Spot 13,$210,PBEFFECT,https://a8qh.short.gy/SP13,2024,USAP,Widebody,Carbon,Raw Texture/Peel Ply,Gen 2,,13,5.25,4,8.1,115,49%,6.99,87%,238,,,,,,,,,
ProXR,Zane Navtratil Signature,$209.99,PBEFFECT,https://a8qh.short.gy/zn14,2023,USAP,Elongated,Carbon,Raw Texture/Peel Ply,Gen 1.5,All-Court,14,6,4,8.24,115,49%,5.71,11%,233,,,,,,,,,
Reload,RLD-1,$200,PBEFFECT,https://a8qh.short.gy/Reload,2024,USAP,Elongated,Carbon,Raw Texture/Peel Ply,Gen 2,All-Court,16,5.5,4.125,8.17,122,88%,6.37,52%,245,High,1973,55.5,38%,35.1,16%,27%,44,Firepower Control+
Rev,Zeus,$149,PBEFFECT,https://a8qh.short.gy/ZEUS,2024,USAP,Hybrid,Carbon,Raw Texture/Peel Ply,Gen 2,Power,14,5.25,4.2,8,113,35%,6.35,50%,239,,,,,,,,,
Revolin,Drift Pure,$174.99,PBEFFECT,https://a8qh.short.gy/RDP,2025,USAP,Widebody,Bio Flex,Raw Texture/Peel Ply,Gen 1,All-Court,16,5,4.25,8.08,109,14%,6.55,63%,232,Very High,2072,55.6,41%,35.9,37%,39%,52,Firepower Balanced
Revolin,Drift Reach,$174.99,PBEFFECT,https://a8qh.short.gy/RDR,2025,USAP,Elongated,Bio Flex,Raw Texture/Peel Ply,Gen 1,All-Court,16,5.5,4.25,8.23,118,70%,5.72,11%,237,High,1980,55.7,44%,36.1,47%,46%,54,Firepower Balanced
Revolin,Revo Pro Pure,$219.99,PBEFFECT,https://a8qh.short.gy/Pure,2024,USAP,Widebody,Lava Rock,Raw Texture/Peel Ply,Gen 1,Power,16,5.25,4.25,8,103,2%,6.53,61%,226,High,1958,56,58%,37.1,93%,75%,66,Firepower High
Revolin,Revo Pro Reach,$219.99,PBEFFECT,https://a8qh.short.gy/Reach,2024,USAP,Elongated,Lava Rock,Raw Texture/Peel Ply,Gen 1,Power,16,5.5,4.25,7.91,109,14%,5.59,7%,233,Medium,1851,56.3,69%,36.9,86%,78%,68,Firepower High
Ronbus,Pulsar FX.R1,$180,PBEFFECT,https://a8qh.short.gy/R1FX,2024,USAP,Elongated,Carbon,Raw Texture/Peel Ply,Gen 2,All-Court,16,5.5,4.125,8.21,120,82%,6.23,40%,243,Medium,1907,55,26%,35.9,37%,32%,44,Firepower Control+
Ronbus,Pulsar FX.R2,$180,PBEFFECT,https://a8qh.short.gy/R2FX,2024,USAP,Widebody,Carbon,Raw Texture/Peel Ply,Gen 2,All-Court,16,5.5,4.125,8.18,113,35%,7.05,89%,237,Medium,1900,54.9,23%,35.5,24%,23%,39,Firepower Control+
Ronbus,Pulsar FX.R3,$180,PBEFFECT,https://a8qh.short.gy/R3FX,2024,USAP,Elongated,Carbon,Raw Texture/Peel Ply,Gen 2,All-Court,16,5.5,4.125,8.22,123,92%,6.27,43%,245,High,1946,55.4,35%,35.6,28%,32%,47,Firepower Control+
Ronbus,Quanta R1,$119,PBEFFECT,https://a8qh.short.gy/QR1,2025,USAP,Elongated,Carbon,Raw Texture/Peel Ply,Gen 4,Power,16,5.5,4.125,7.65,107,7%,5.60,7%,236,,,,,,,,,
Ronbus,Quanta R2,$119,PBEFFECT,https://a8qh.short.gy/QR2,2025,USAP,Widebody,Carbon,Raw Texture/Peel Ply,Gen 4,Power,16,5.5,4.125,7.68,103,2%,6.25,42%,232,,,,,,,,,
Ronbus,Quanta R3,$119,PBEFFECT,https://a8qh.short.gy/QR3,2025,USAP,Elongated,Carbon,Raw Texture/Peel Ply,Gen 4,Power,16,5.5,4.125,7.69,113,35%,5.64,9%,240,,,,,,,,,
Ronbus,Quanta R4,$119,PBEFFECT,https://a8qh.short.gy/QR4,2025,USAP,Hybrid,Carbon,Raw Texture/Peel Ply,Gen 4,Power,16,5.5,4.125,7.7,105,4%,5.90,19%,235,Very High,2065,56.5,78%,37,90%,84%,71,Firepower High
Ronbus,Quanta R5,$119,PBEFFECT,https://a8qh.short.gy/QR5,2025,USAP,Widebody,Carbon,Raw Texture/Peel Ply,Gen 4,Power,16,5.5,4.125,7.7,103,2%,6.15,35%,232,Very High,2110,56.6,82%,36.9,86%,84%,72,Firepower High
Ronbus,R1 Nova,$180,PBEFFECT,https://a8qh.short.gy/R1Nova,2023,USAP,Elongated,Carbon,Raw Texture/Peel Ply,Gen 2,Control,16,5.5,4.125,8.14,118,70%,6.00,25%,242,Medium,1883,54.4,18%,34.2,3%,10%,23,Firepower Soft
Ronbus,R1 Pulsar,$170,PBEFFECT,https://a8qh.short.gy/R1P,2023,USAP,Elongated,Carbon,Raw Texture/Peel Ply,Gen 2,All-Court,16,5.5,4.125,7.87,114,43%,6.12,32%,237,,,,,,,,,
Ronbus,R1.16,$120,PBEFFECT,https://a8qh.short.gy/R1.16,2022,USAP,Elongated,Carbon,Raw Texture/Peel Ply,Gen 1,Control,16,5.5,4.125,7.96,118,70%,6.11,31%,242,High,1950,53.7,10%,33.7,1%,6%,11,Firepower Soft
Ronbus,R3 Nova,$180,PBEFFECT,https://a8qh.short.gy/R3N,2023,USAP,Elongated,Carbon,Raw Texture/Peel Ply,Gen 2,Control,16,5.5,4.125,8.07,120,82%,6.04,28%,245,,,55,26%,34.8,8%,17%,36,Firepower Control+
Ronbus,R3 Pulsar,$170,PBEFFECT,https://a8qh.short.gy/R3P,2023,USAP,Elongated,Carbon,Raw Texture/Peel Ply,Gen 2,All-Court,16,5.5,4.125,7.98,122,88%,6.15,35%,245,Medium,1903,55.2,31%,35.4,20%,26%,43,Firepower Control+
Ronbus,R3.16,$120,PBEFFECT,https://a8qh.short.gy/R3.16,2022,USAP,Elongated,Carbon,Raw Texture/Peel Ply,Gen 1,Control,16,5.5,4.125,7.73,119,78%,5.84,16%,247,,,,,,,,,
Ronbus,Ripple V2 R1.14,$280,PBEFFECT,https://a8qh.short.gy/rip1v2,2025,USAP,Elongated,Carbon,Raw Texture/Peel Ply,Gen 3,Power,14,5.5,4.125,8.2,128,99%,5.88,17%,250,Very High,2023,57.6,98%,36.6,74%,86%,83,Firepower Elite
Ronbus,Ripple V2 R2.14,$280,PBEFFECT,https://a8qh.short.gy/ripr2v2,2025,USAP,Widebody,Carbon,Raw Texture/Peel Ply,Gen 3,Power,14,5.5,4.125,8.2,119,78%,6.60,66%,244,Very High,2005,56.9,92%,37.2,95%,94%,78,Firepower High
Ronbus,Ripple V2 R4.14,$280,PBEFFECT,https://a8qh.short.gy/ripr4v2,2025,USAP,Hybrid,Carbon,Raw Texture/Peel Ply,Gen 3,Power,14,5.5,4.125,8,118,70%,5.90,19%,245,Very High,2015,57,94%,37,90%,92%,78,Firepower High
RPM,Friction Pro Elongated 14,$249.99,PBEFFECT,https://a8qh.short.gy/rpme14,2025,USAP,Elongated,Carbon,Raw Texture/Peel Ply,Gen 3,Power,14,5.5,4,7.81,115,49%,6,25%,242,Very High,2121,56.2,67%,36.5,69%,68%,64,Firepower Balanced
RPM,Friction Pro Elongated 16,$249.99,PBEFFECT,https://a8qh.short.gy/rpme,2025,USAP,Elongated,Carbon,Raw Texture/Peel Ply,Gen 3,Power,16,5.5,4.25,7.9,117,63%,6.14,34%,243,Very High,2106,56.6,82%,36.7,81%,82%,70,Firepower High
RPM,Friction Pro Widebody 14,$249.99,PBEFFECT,https://a8qh.short.gy/rmpw,2025,USAP,Widebody,Carbon,Raw Texture/Peel Ply,Gen 3,Power,14,5.5,4,7.93,110,18%,7.1,90%,237,Very High,2035,56,58%,36.2,52%,55%,59,Firepower Balanced
RPM,Friction Pro Widebody 16,$249.99,PBEFFECT,https://a8qh.short.gy/rmpw,2025,USAP,Widebody,Carbon,Raw Texture/Peel Ply,Gen 3,Power,16,5.5,4.25,7.95,110,18%,7.24,94%,236,Very High,2109,56.3,69%,36.3,59%,64%,64,Firepower Balanced
Selkirk,Amped Epic Control,$160,INF-BRAYDONU,https://a8qh.short.gy/AmpE,2024,USAP,Widebody,Carbon,Paint Grit,Gen 1,Control,16,5.25,4.25,8,105,4%,6.54,62%,230,,,,,,,,,
Selkirk,Amped Epic Pro Air,$180,INF-BRAYDONU,https://a8qh.short.gy/APE,2024,USAP,Widebody,Fiberglass,Paint Grit,Gen 1.5/Edgeless,Power,16,5.25,4.25,7.97,112,29%,6.87,83%,240,Medium,1909,55.1,29%,36.1,47%,38%,46,Firepower Control+
Selkirk,Amped Invikta Pro Air,$180,INF-BRAYDONU,https://a8qh.short.gy/API,2024,USAP,Elongated,Fiberglass,Paint Grit,Gen 1.5/Edgeless,Power,16,5.25,4.25,7.86,118,70%,5.90,19%,246,Medium,1895,55.5,38%,36.3,59%,49%,53,Firepower Balanced
Selkirk,Boomstick Elongated,$333,INF-BRAYDONU,https://a8qh.short.gy/BSE,2025,USAP,Elongated,Carbon,Durable Texture,Gen 4,Power,16,5.8,4.25,8.4,121,85%,6.92,85%,239,High,1989,57.1,95%,37.3,97%,96%,81,Firepower Elite
Selkirk,Boomstick Widebody,$333,INF-BRAYDONU,https://a8qh.short.gy/BSW,2025,USAP,Widebody,Carbon,Durable Texture,Gen 4,Power,16,5.6,4.25,8.3,113,35%,7.72,100%,233,High,1980,56.8,88%,37.2,95%,91%,77,Firepower High
Selkirk,Luxx Control Air Epic,$250,INF-BRAYDONU,https://a8qh.short.gy/LEpic,2023,USAP,Widebody,Carbon,Paint Grit,Gen 1.5/Edgeless,Control,20,5.25,4.25,8.08,112,29%,6.35,50%,238,Medium,1873,51.2,0%,33.1,1%,1%,0,Firepower Soft
Selkirk,Luxx Control Air Invikta,$250,INF-BRAYDONU,https://a8qh.short.gy/LInvikta,2023,USAP,Elongated,Carbon,Paint Grit,Gen 1.5/Edgeless,Control,20,5.25,4.25,7.96,115,49%,5.78,12%,242,Medium,1858,52,1%,33.2,1%,1%,0,Firepower Soft
Selkirk,Luxx Control Air Invikta Infinigrit,$280,INF-BRAYDONU,https://a8qh.short.gy/Luxxi,2025,USAP,Elongated,Carbon,Paint Grit,Gen 2,Control,19,5.5,4.25,8.05,117,63%,5.83,15%,243,High,1993,54.2,16%,35.3,18%,17%,29,Firepower Soft
Selkirk,Luxx Control Air S2,$250,INF-BRAYDONU,https://a8qh.short.gy/LS2,2023,USAP,Widebody,Carbon,Paint Grit,Gen 1.5/Edgeless,Control,20,4.5,4.25,8.17,107,7%,7.13,91%,233,Medium,1870,50.3,0%,32.9,0%,0%,0,Firepower Soft
Selkirk,Power Air Epic,$249.99,INF-BRAYDONU,https://a8qh.short.gy/EAir,2022,USAP,Widebody,Fiberglass,Paint Grit,Gen 1.5/Edgeless,Power,13,5.25,4.25,8.04,104,3%,6.35,50%,229,Medium,1884,53.2,6%,36.6,74%,40%,25,Firepower Soft
Selkirk,Power Air Invikta,$249.99,INF-BRAYDONU,https://a8qh.short.gy/IAir,2022,USAP,Elongated,Fiberglass,Paint Grit,Gen 1.5/Edgeless,Power,13,5.25,4.25,8,112,29%,5.62,8%,237,Medium,1894,53.5,9%,36.5,69%,39%,28,Firepower Soft
Selkirk,Vanguard Control Epic (midweight),$200,INF-BRAYDONU,https://a8qh.short.gy/VCEpic,2024,USAP,Widebody,Carbon,Raw Texture/Peel Ply,Gen 1,Control,16,5.3,4.25,8.14,112,29%,6.37,52%,236,,,,,,,,,
Selkirk,Vanguard Control Invikta (mideweight),$200,INF-BRAYDONU,https://a8qh.short.gy/VCInvikta,2024,USAP,Elongated,Carbon,Raw Texture/Peel Ply,Gen 1,Control,16,5.5,4.25,7.97,113,35%,5.65,9%,237,,,,,,,,,
Selkirk,Vanguard Control S2 (midweight),$200,INF-BRAYDONU,https://a8qh.short.gy/VCS2,2024,USAP,Widebody,Carbon,Raw Texture/Peel Ply,Gen 1,Control,16,4.7,4.25,8.01,105,4%,7.09,89%,230,,,,,,,,,
Selkirk,Vanguard Pro Power Invikta,$220,INF-BRAYDONU,https://a8qh.short.gy/ProPI,2024,USAP,Elongated,Carbon,Raw Texture/Peel Ply,Gen 2,All-Court,16,5.5,4.25,8.03,114,43%,5.89,18%,237,High,1937,55.7,44%,35.2,17%,30%,48,Firepower Control+
Selkirk Labs,008 Epic 13mm,$288,INF-BRAYDONU,https://a8qh.short.gy/813e,2025,USAP,Widebody,Carbon,Raw Texture/Peel Ply,Gen 4,Control,13,5.3,4.25,7.75,102,1%,5.81,13%,229,High,1954,54.8,22%,35.4,20%,21%,37,Firepower Control+
Selkirk Labs,008 Invikta 10mm,$288,INF-BRAYDONU,https://a8qh.short.gy/00810,2025,USAP,Elongated,Carbon,Raw Texture/Peel Ply,Gen 4,All-Court,10,5.5,4.25,7.9,110,18%,5.20,2%,234,High,1995,55,26%,35.6,28%,27%,41,Firepower Control+
Selkirk Labs,008 Invikta 13mm,$288,INF-BRAYDONU,https://a8qh.short.gy/813I,2025,USAP,Elongated,Carbon,Raw Texture/Peel Ply,Gen 4,Control,13,5.5,4.25,7.7,109,14%,5.40,3%,236,High,1965,55.1,29%,35.3,18%,24%,41,Firepower Control+
Selkirk Labs,008 Tour 13mm,$288,INF-BRAYDONU,https://a8qh.short.gy/813T,2025,USAP,Elongated,Carbon,Raw Texture/Peel Ply,Gen 4,Control,13,6,4.25,7.9,112,29%,5.36,3%,237,High,1991,54.7,21%,35,12%,16%,33,Firepower Soft
Selkirk Labs,008 Tour 16mm,$288,INF-BRAYDONU,https://a8qh.short.gy/816,2025,USAP,Elongated,Carbon,Raw Texture/Peel Ply,Gen 4,Control,16,6,4.25,8.1,116,57%,5.52,6%,239,High,1969,55.2,31%,34.8,8%,19%,38,Firepower Control+
Selkirk Labs,Project 005 Epic,$222,INF-BRAYDONU,https://a8qh.short.gy/005,2023,USAP,Widebody,Fiberglass,Paint Grit,Gen 2/Edgeless,All-Court,16,5.25,4.25,7.97,110,18%,6.88,83%,238,,,,,,,,,
Selkirk Labs,Project 006 Maxima,$333,INF-BRAYDONU,https://a8qh.short.gy/006,2023,USAP,Elongated,Carbon,Raw Texture/Peel Ply,Gen 2,Control,16,5.75,4.25,8.39,118,70%,5.97,24%,236,Low,1848,54.1,14%,34.4,4%,9%,21,Firepower Soft
Selkirk Labs,Project 007 Epic 14mm,$333,INF-BRAYDONU,https://a8qh.short.gy/007E14,2024,USAP,Widebody,Carbon,Durable Texture,Gen 2/Edgeless,Power,14,5.25,4.25,8.13,113,35%,6.50,59%,239,High,1981,55.5,38%,36.8,83%,61%,57,Firepower Balanced
Selkirk Labs,Project 007 Invikta 14mm,$333,INF-BRAYDONU,https://a8qh.short.gy/00714,2024,USAP,Elongated,Carbon,Durable Texture,Gen 2,Power,14,,4.25,8.13,118,70%,5.94,22%,243,Very High,2005,56.5,78%,36.3,59%,69%,66,Firepower High
Six Zero,Black Diamond 14mm,$180,PBEFFECT,https://a8qh.short.gy/BD14,2024,USAP,Hybrid,Fiberglass,Raw Texture/Peel Ply,Gen 2,Power,14,5.5,4.25,8,112,29%,6.46,57%,237,High,1988,55.6,41%,36.8,83%,62%,58,Firepower Balanced
Six Zero,Black Diamond 16mm,$179.99,PBEFFECT,https://a8qh.short.gy/BD,2023,USAP,Hybrid,Fiberglass,Raw Texture/Peel Ply,Gen 2,Power,16,5.5,4.25,8.07,114,43%,6.67,71%,239,High,1981,55.9,54%,36.3,59%,56%,58,Firepower Balanced
Six Zero,Black Diamond Amethyst Pro,$199,PBEFFECT,https://a8qh.short.gy/BDPRO,2023,USAP,Hybrid,Fiberglass,Raw Texture/Peel Ply,Gen 2,Power,16,5.5,4.25,8.23,115,49%,6.72,76%,234,,,,,,,,,
Six Zero,Black Diamond Infinity 16mm,$220,PBEFFECT,https://a8qh.short.gy/BDi,2023,USAP,Hybrid,Fiberglass,Raw Texture/Peel Ply,Gen 2/Edgeless,All-Court,16,5.5,4.25,7.97,107,7%,5.80,13%,229,High,1990,52.8,2%,35.4,20%,11%,11,Firepower Soft
Six Zero,Black Opal ,$250,PBEFFECT,https://a8qh.short.gy/bo,2025,USAP/UPA-A,Hybrid,Carbon,Raw Texture/Peel Ply,Gen 4,Power,14,5.5,4.25,8.1,114,43%,6.3,46%,239,Very High,2024,57.6,98%,37,90%,94%,86,Firepower Elite
Six Zero,Coral Elongated,$200,PBEFFECT,https://a8qh.short.gy/ce,2025,USAP,Elongated,Carbon,Raw Texture/Peel Ply,Gen 4,All-Court,16,5.75,4.25,8,113,35%,6.03,27%,238,Very High,2023,56.4,75%,36.6,74%,74%,67,Firepower High
Six Zero,Coral Hybrid,$200,PBEFFECT,https://a8qh.short.gy/ch,2025,USAP,Hybrid,Carbon,Raw Texture/Peel Ply,Gen 4,All-Court,16,5.5,4.25,8.16,112,29%,6.52,60%,236,High,1977,56.3,69%,36.4,64%,67%,64,Firepower Balanced
Six Zero,Coral Widebody,$200,PBEFFECT,https://a8qh.short.gy/cw,2025,USAP,Widebody,Carbon,Raw Texture/Peel Ply,Gen 4,All-Court,16,5.5,4.25,8.26,108,10%,7.33,96%,231,Very High,2001,56.1,63%,36.4,64%,63%,62,Firepower Balanced
Six Zero,Double Black Diamond (Elongated),$189.99,PBEFFECT,https://a8qh.short.gy/DBDe,2024,USAP,Extra-elongated,Carbon,Raw Texture/Peel Ply,Gen 2,All-Court,15,6,4.25,8.18,122,88%,5.74,11%,242,High,1931,56,58%,36.2,52%,55%,59,Firepower Balanced
Six Zero,Double Black Diamond 14 mm,$179.99,PBEFFECT,https://a8qh.short.gy/DBD,2023,USAP,Hybrid,Carbon,Raw Texture/Peel Ply,Gen 2,All-Court,14,5.5,4.25,7.87,110,18%,6.18,37%,237,Medium,1925,53.5,9%,36.9,86%,47%,31,Firepower Soft
Six Zero,Double Black Diamond 16 mm,$179.99,PBEFFECT,https://a8qh.short.gy/DBD,2023,USAP,Hybrid,Carbon,Raw Texture/Peel Ply,Gen 2,All-Court,16,5.5,4.25,8.07,114,43%,6.55,63%,237,,,53.7,10%,35.9,37%,24%,27,Firepower Soft
Six Zero,Double Black Diamond Infinity 16mm,$220,PBEFFECT,https://a8qh.short.gy/DBDI,2023,USAP,Hybrid,Carbon,Raw Texture/Peel Ply,Gen 2/Edgeless,Control,16,5.5,4.25,8.1,110,18%,5.90,19%,231,,,,,,,,,
Six Zero,Infinity Ruby,$220,PBEFFECT,https://a8qh.short.gy/IR,2024,USAP,Hybrid,Kevlar,Raw Texture/Peel Ply,Gen 2/Edgeless,Control,16,5.5,4.25,8.5,116,57%,6,25%,234,,,,,,,,,
Six Zero,Quartz,$89.99,PBEFFECT,https://a8qh.short.gy/Q,2024,USAP,Widebody,Carbon,Raw Texture/Peel Ply,Gen 1,Control,15,5,4.25,7.97,108,10%,6.43,55%,234,High,1949,52.8,2%,34.8,8%,5%,7,Firepower Soft
Six Zero,Ruby,$200,PBEFFECT,https://a8qh.short.gy/ruby,2023,USAP,Hybrid,Kevlar,Raw Texture/Peel Ply,Gen 2,All-Court,16,5.5,4.25,8.33,117,63%,6.81,80%,238,Low,,53.9,12%,35.3,18%,15%,25,Firepower Soft
Six Zero,Ruby (14mm),$199.99,PBEFFECT,https://a8qh.short.gy/R14,2024,USAP,Hybrid,Kevlar,Raw Texture/Peel Ply,Gen 2,Power,14,5.5,4.25,8.1,114,43%,6.53,61%,238,High,1965,55.4,35%,36.9,86%,61%,56,Firepower Balanced
Six Zero,Ruby Pro,$225,PBEFFECT,https://a8qh.short.gy/r-pro,2025,USAP,Hybrid,Carbon,Raw Texture/Peel Ply,Gen 3,All-Court,14,5.5,4.25,8.1,114,43%,6.27,43%,238,,,,,,,,,
Six Zero,Sapphire,$99.99,PBEFFECT,https://a8qh.short.gy/Sap,2023,USAP,Elongated,Carbon,Paint Grit,Gen 1.5,Power,13,5.5,4.25,7.9,111,23%,5.40,3%,224,,,,,,,,,
Six Zero,Sapphire V2,$139.99,PBEFFECT,https://a8qh.short.gy/SV2,2024,USAP,Elongated,Carbon,Raw Texture/Peel Ply,Gen 2,Power,13,5.6,4.25,7.85,116,57%,6.19,38%,241,,,,,,,,,
SLK,ERA Power Elongated,$200,INF-BRAYDONU,https://a8qh.short.gy/ERAE,2025,USAP/UPA-A,Elongated,Carbon,Raw Texture/Peel Ply,Gen 3,Power,16,5.75,4.25,8,117,63%,6.28,44%,241,,,,,,,,,
SLK,ERA Power Widebody,$200,INF-BRAYDONU,https://a8qh.short.gy/ERAW,2025,USAP/UPA-A,Widebody,Carbon,Raw Texture/Peel Ply,Gen 3,Power,16,5.6,4.25,8.14,111,23%,7.16,92%,235,,,,,,,,,
SLK,Halo Control Max,$139.99,INF-BRAYDONU,https://a8qh.short.gy/halo,2022,USAP,Widebody,Carbon,Raw Texture/Peel Ply,Gen 1,Control,16,4.75,4.5,7.94,111,23%,6.94,85%,237,,,,,,,,,
SLK,Halo Control Max (2024 version),$130,INF-BRAYDONU,https://a8qh.short.gy/HCM,2024,USAP,Widebody,Carbon,Raw Texture/Peel Ply,Gen 1,Control,16,4.85,4.25,7.9,110,18%,6.77,78%,237,High,1983,54.1,14%,34.2,3%,8%,19,Firepower Soft
SLK,Halo Control XL,$139.99,INF-BRAYDONU,https://a8qh.short.gy/halo,2022,USAP,Elongated,Carbon,Raw Texture/Peel Ply,Gen 1,Control,16,5.6,4.5,8.1,122,88%,6.07,29%,244,,,,,,,,,
SLK,Halo Power Max,$139.99,INF-BRAYDONU,https://a8qh.short.gy/halo,2022,USAP,Widebody,Carbon,Raw Texture/Peel Ply,Gen 1,All-Court,13,4.75,4,7.97,110,18%,6.54,62%,234,,,,,,,,,
SLK,Halo Power Max (2024 version),$130,INF-BRAYDONU,https://a8qh.short.gy/HPM,2024,USAP,Widebody,Carbon,Raw Texture/Peel Ply,Gen 1,All-Court,13,4.85,4.25,7.7,103,2%,6.81,80%,231,High,2000,55.5,38%,35.7,32%,35%,49,Firepower Control+
SLK,Halo Power XL,$139.99,INF-BRAYDONU,https://a8qh.short.gy/halo,2022,USAP,Elongated,Carbon,Raw Texture/Peel Ply,Gen 1,All-Court,13,5.6,4,7.97,120,82%,5.59,7%,245,,,,,,,,,
SLK,Halo Pro Max,$150,INF-BRAYDONU,https://a8qh.short.gy/Mpro,2024,USAP,Widebody,Kevlar/Carbon,Raw Texture/Peel Ply,Gen 2,All-Court,14,4.85,4.25,7.92,108,10%,7.00,87%,234,High,1953,55.1,29%,35.5,24%,26%,42,Firepower Control+
SLK,Halo Pro XL,$150,INF-BRAYDONU,https://a8qh.short.gy/SLKPXL ,2024,USAP,Elongated,Kevlar/Carbon,Raw Texture/Peel Ply,Gen 2,All-Court,14,5.75,4.25,7.98,120,82%,5.90,19%,245,High,1939,55.6,41%,36.6,74%,57%,57,Firepower Balanced
Spartus,Apollo,$129.99,PBEFFECT,https://a8qh.short.gy/Apollo,2024,USAP,Widebody,Kevlar,Raw Texture/Peel Ply,Gen 2,Control,16,5.5,4.125,8.07,108,10%,7.54,98%,232,Medium,1927,53.5,9%,35,12%,11%,17,Firepower Soft
Spartus,Ballista,$159.99,PBEFFECT,https://a8qh.short.gy/B,2023,USAP,Elongated,Carbon,Raw Texture/Peel Ply,Gen 2/Edgeless,All-Court,16,5.5,4.125,7.94,113,35%,5.59,7%,239,,,,,,,,,
Spartus,Gladius Centurion,$99.99,PBEFFECT,https://a8qh.short.gy/GC,2023,USAP,Elongated,Carbon,Raw Texture/Peel Ply,Gen 2,Control,16,5.5,4.125,7.98,121,85%,6.06,29%,243,,,,,,,,,
Spartus,Odyssey Apex,$89.99,PBEFFECT,https://a8qh.short.gy/OA,2025,USAP,Hybrid,Carbon,Raw Texture/Peel Ply,Gen 1,Control,16,5.35,4.25,7.9,110,18%,6.56,63%,236,Very High,2019,54.5,19%,35.2,17%,18%,32,Firepower Soft
Spartus,Olympus,$199.99,PBEFFECT,https://a8qh.short.gy/SO,2024,USAP,Hybrid,Carbon,Raw Texture/Peel Ply,Gen 3,All-Court,14,5.5,4.125,8,113,35%,6.32,48%,238,Very High,2043,55.7,44%,36.5,69%,56%,57,Firepower Balanced
Spartus,Orion,$89.99,PBEFFECT,https://a8qh.short.gy/ORA,2025,USAP,Elongated,Carbon,Raw Texture/Peel Ply,Gen 1,Control,16,5.85,4.25,7.93,116,57%,6.00,25%,241,Very High,2027,55.4,35%,35.5,24%,30%,46,Firepower Control+
Spartus,P1 Hybrid,$219.99,PBEFFECT,https://a8qh.short.gy/p1h,2026,USAP,Hybrid,Carbon,Durable Texture,Gen 4,Power,16,5.3,4.25,8.12,115,49%,6.7,74%,238,Very High,2047,56.8,88%,36.9,86%,87%,75,Firepower High
Technifibre,TF-Blitz,$209,,,2024,USAP,Extra-elongated,Carbon,Raw Texture/Peel Ply,Gen 2,Power,15,6,4.25,8.24,124,94%,5.81,13%,244,Very High,2092,56.5,78%,36.8,83%,81%,70,Firepower High
Technifibre,TF-Command,$209,,,2024,USAP,Widebody,Carbon,Raw Texture/Peel Ply,Gen 2,Control,15,5,4.25,8.16,110,18%,6.81,80%,233,Very High,2044,55,26%,35.7,32%,29%,42,Firepower Control+
Technifibre,TF-Select,$209,,,2024,USAP,Hybrid,Kevlar,Raw Texture/Peel Ply,Gen 2,All-Court,15,5.5,4.25,8.1,112,29%,6.43,55%,234,Very High,2093,55.9,54%,36.6,74%,64%,61,Firepower Balanced
Thrive,Azul 16,$199.99,PBEFFECT,https://a8qh.short.gy/azul16,2024,USAP,Hybrid,Kevlar,Raw Texture/Peel Ply,Gen 2,Power,16,5.25,4.25,8.12,117,63%,6.60,66%,240,High,1948,55.7,44%,36,42%,43%,54,Firepower Balanced
Thrive,Blackout 16,$199.99,PBEFFECT,https://a8qh.short.gy/BO16,2024,USAP,Hybrid,Fiberglass,Raw Texture/Peel Ply,Gen 2,Power,16,5.25,4.25,8.28,119,78%,6.71,76%,242,Medium,1897,56.5,78%,36.2,52%,65%,66,Firepower High
Thrive,Fury Elongate,$199.99,PBEFFECT,https://a8qh.short.gy/furyE,2025,USAP,Elongated,Carbon,Raw Texture/Peel Ply,Gen 3,Power,15.5,5.5,4.25,7.9,115,49%,6.13,33%,243,,,,,,,,,
Thrive,Project Fury,$199.99,PBEFFECT,https://a8qh.short.gy/Fury,2025,USAP,Hybrid,Carbon,Raw Texture/Peel Ply,Gen 3,Power,15.5,5.5,4.25,8,112,29%,6.54,62%,237,Very High,2037,56.2,67%,36.4,64%,65%,63,Firepower Balanced
Thrive,Rush 13mm,$179.99,PBEFFECT,https://a8qh.short.gy/Rush,2023,USAP,Elongated,Carbon,Raw Texture/Peel Ply,Gen 2,Power,13,5.5,4.125,7.9,119,78%,6.10,30%,244,High,1931,55.7,44%,35.6,28%,36%,51,Firepower Balanced
Thrive,Smoke,$219.99,PBEFFECT,https://a8qh.short.gy/smoke,2025,USAP,Elongated,Carbon,Raw Texture/Peel Ply,Gen 1,Power,14.5,5.5,4.25,7.96,119,78%,6.14,34%,242,Very High,2003,56.4,75%,36.2,52%,64%,64,Firepower Balanced
Thrive,Surge 16,$199.99,PBEFFECT,https://a8qh.short.gy/Surge,2024,USAP,Hybrid,Carbon,Raw Texture/Peel Ply,Gen 2,All-Court,16,5.25,4.25,8.03,117,63%,6.80,80%,243,High,1937,55.3,34%,35.6,28%,31%,45,Firepower Control+
Thrive,Threat 16mm,$179.99,PBEFFECT,https://a8qh.short.gy/Threat,2023,USAP,Elongated,Carbon,Raw Texture/Peel Ply,Gen 2,All-Court,16,5.5,4.25,8,122,88%,6.74,76%,245,Medium,1918,54.4,18%,34.6,6%,12%,26,Firepower Soft
Vatic Pro,Flash 14 mm,$139.99,PBEFFECT,https://a8qh.short.gy/VPFlash,2023,USAP,Hybrid,Carbon,Raw Texture/Peel Ply,Gen 2,All-Court,14,5.3,4.125,7.94,110,18%,6.15,35%,235,,,53.9,12%,34.4,4%,8%,18,Firepower Soft
Vatic Pro,Flash 16 mm,$139.99,PBEFFECT,https://a8qh.short.gy/VPFlash,2023,USAP,Hybrid,Carbon,Raw Texture/Peel Ply,Gen 2,All-Court,16,5.3,4.125,8.25,115,49%,6.70,74%,237,High,1935,,,,,,,
Vatic Pro,Prism Bloom 14mm,$99.99,PBEFFECT,https://a8qh.short.gy/PB14,2025,USAP,Widebody,Carbon,Raw Texture/Peel Ply,Gen 1.5,Control,14,5.6,4.125,7.7,107,7%,6.05,28%,238,,,,,,,,,
Vatic Pro,Prism Bloom 16mm,$99.99,PBEFFECT,https://a8qh.short.gy/PB16,2025,USAP,Widebody,Carbon,Raw Texture/Peel Ply,Gen 1.5,Control,16,5.6,4.125,7.92,112,29%,7.07,89%,238,,,,,,,,,
Vatic Pro,Prism Flash 14 mm,$99.99,PBEFFECT,https://a8qh.short.gy/PF14,2023,USAP,Hybrid,Carbon,Raw Texture/Peel Ply,Gen 1.5,All-Court,14,5.3,4.125,7.8,111,23%,6.11,31%,241,High,1950,53,5%,35,12%,9%,11,Firepower Soft
Vatic Pro,Prism Flash 16 mm,$99.99,PBEFFECT,https://a8qh.short.gy/VPFP16,2023,USAP,Hybrid,Carbon,Raw Texture/Peel Ply,Gen 1.5,Control,16,5.3,4.125,7.91,114,43%,6.40,53%,237,High,1942,51.8,1%,33.7,1%,1%,0,Firepower Soft
Vatic Pro,Prism Flash LH 14,$99.99,PBEFFECT,https://a8qh.short.gy/LH14,2024,USAP,Hybrid,Carbon,Raw Texture/Peel Ply,Gen 1.5,All-Court,14,5.75,4.125,7.94,116,57%,5.89,18%,241,,,,,,,,,
Vatic Pro,Prism Flash LH 16,$99.99,PBEFFECT,https://a8qh.short.gy/LH16,2024,USAP,Hybrid,Carbon,Raw Texture/Peel Ply,Gen 1.5,Control,16,5.75,4.125,8.05,117,63%,6.18,37%,241,,,,,,,,,
Vatic Pro,Prism V7,$99.99,PBEFFECT,https://a8qh.short.gy/VPV7P,2023,USAP,Elongated,Carbon,Raw Texture/Peel Ply,Gen 2,Control,16,5.3,4.125,8.44,128,99%,6.96,86%,244,,,52.8,2%,34.6,6%,4%,5,Firepower Soft
Vatic Pro,Prism V7 LH,$99.99,PBEFFECT,https://a8qh.short.gy/PV7LH,2023,USAP,Elongated,Carbon,Raw Texture/Peel Ply,Gen 2,Control,16,5.6,4.125,7.97,119,78%,6.16,36%,243,,,53.2,6%,34.4,4%,5%,9,Firepower Soft
Vatic Pro,Saga Bloom 14mm,$149.99,PBEFFECT,https://a8qh.short.gy/SB,2025,USAP,Widebody,Carbon,Raw Texture/Peel Ply,Gen 1,All-Court,14,5.3,4.125,7.7,107,7%,6.61,67%,239,Very High,2038,55.7,44%,35.7,32%,38%,51,Firepower Balanced
Vatic Pro,Saga Bloom 16mm,$149.99,PBEFFECT,https://a8qh.short.gy/SB,2025,USAP,Widebody,Carbon,Raw Texture/Peel Ply,Gen 1,Control,16,5.6,4.125,8,111,23%,7.02,87%,237,Very High,2028,53.9,12%,34.8,8%,10%,21,Firepower Soft
Vatic Pro,Saga Flash LH 16mm,$149.99,PBEFFECT,https://a8qh.short.gy/SFLH,2024,USAP,Elongated,Carbon,Raw Texture/Peel Ply,Gen 1.5,All-Court,16,5.75,4.125,8.17,120,82%,6.30,46%,244,,,,,,,,,
Vatic Pro,Saga Flash SH 14mm,$149.99,PBEFFECT,https://a8qh.short.gy/SFSH,2025,USAP,Hybrid,Carbon,Raw Texture/Peel Ply,Gen 1,All-Court,14,5.3,4.125,7.7,109,14%,5.95,23%,239,Very High,2015,55.9,54%,35.7,32%,43%,54,Firepower Balanced
Vatic Pro,Saga Flash SH 16mm,$149.99,PBEFFECT,https://a8qh.short.gy/SFSH,2024,USAP,Hybrid,Carbon,Raw Texture/Peel Ply,Gen 1.5,All-Court,16,5.3,4.125,7.93,114,43%,6.39,52%,240,High,1961,56.5,78%,35.5,24%,51%,60,Firepower Balanced
Vatic Pro,Saga V7 LH,$149.99,PBEFFECT,https://a8qh.short.gy/SVLH,2024,USAP,Elongated,Carbon,Raw Texture/Peel Ply,Gen 1.5,All-Court,16,5.75,4.125,8.28,125,97%,6.50,59%,246,,,,,0,,,,
Vatic Pro,Saga V7 SH,$149.99,PBEFFECT,https://a8qh.short.gy/SVSH,2024,USAP,Elongated,Carbon,Raw Texture/Peel Ply,Gen 1.5,All-Court,16,5.3,4.125,8.13,120,82%,6.62,68%,243,High,1954,56.8,88%,35.6,28%,58%,65,Firepower High
Vatic Pro,Saga V7 SH 14mm,$149.99,PBEFFECT,https://a8qh.short.gy/SVLH,2025,USAP,Elongated,Carbon,Raw Texture/Peel Ply,Gen 1,All-Court,14,5.3,4.125,7.9,116,57%,6.23,40%,242,High,1978,56.3,69%,35.5,24%,47%,58,Firepower Balanced
Vatic Pro,V-Sol Power Bloom,$109.99,PBEFFECT,https://a8qh.short.gy/pow-b,2025,USAP,Widebody,Carbon,Raw Texture/Peel Ply,Gen 4,Power,16,5.6,4.125,7.95,109,14%,7.02,87%,236,Very High,2069,56.3,69%,36.4,64%,67%,64,Firepower Balanced
Vatic Pro,V-Sol Power Flash,$109.99,PBEFFECT,https://a8qh.short.gy/pow-f,2025,USAP,Hybrid,Carbon,Raw Texture/Peel Ply,Gen 4,Power,16,5.3,4.125,7.97,110,18%,6.29,45%,235,Very High,2073,57,94%,36.6,74%,84%,75,Firepower High
Vatic Pro,V-Sol Power V7,$109.99,PBEFFECT,https://a8qh.short.gy/pow-v7,2025,USAP,Elongated,Carbon,Raw Texture/Peel Ply,Gen 4,Power,16,5.6,4.125,8.14,117,63%,6.67,71%,239,Very High,2088,57.3,97%,36.7,81%,89%,80,Firepower Elite
Vatic Pro,V-Sol Pro Bloom,$109.99,PBEFFECT,https://a8qh.short.gy/pro-b,2025,USAP,Widebody,Carbon,Raw Texture/Peel Ply,Gen 4,Power,16,5.6,4.125,7.92,107,7%,6.87,83%,233,Very High,2111,56.2,67%,36.6,74%,70%,65,Firepower High
Vatic Pro,V-Sol Pro Flash,$109.99,PBEFFECT,https://a8qh.short.gy/pro-f,2025,USAP,Hybrid,Carbon,Raw Texture/Peel Ply,Gen 4,Power,16,5.3,4.125,8.1,108,10%,6.43,55%,231,Very High,2060,56.8,88%,37,90%,89%,75,Firepower High
Vatic Pro,V-Sol Pro Flash LH,$109.99,PBEFFECT,https://a8qh.short.gy/pro-flh,2025,USAP,Hybrid,Carbon,Raw Texture/Peel Ply,Gen 4,Power,16,5.6,4.125,8,109,14%,5.99,25%,233,,,,,,,,,
Vatic Pro,V-Sol Pro V7,$109.99,PBEFFECT,https://a8qh.short.gy/pro-v7,2025,USAP,Elongated,Carbon,Raw Texture/Peel Ply,Gen 4,Power,16,5.3,4.125,8.15,114,43%,6.49,58%,236,,2120,57.1,95%,37.1,93%,94%,80,Firepower Elite
Vatic Pro,V-Sol Pro V7 LH,$109.99,PBEFFECT,https://a8qh.short.gy/pro-v7lh,2025,USAP,Elongated,Carbon,Raw Texture/Peel Ply,Gen 4,Power,16,5.6,4.125,7.97,114,43%,6.02,27%,237,,,,,,,,,
Vatic Pro,V7,$139.99,PBEFFECT,https://a8qh.short.gy/VPV7,2023,USAP,Elongated,Carbon,Raw Texture/Peel Ply,Gen 2,All-Court,16,5.3,4.125,8.32,123,92%,6.93,85%,244,Medium,1916,54.3,17%,35.9,37%,27%,35,Firepower Control+
Vatic Pro ,V-Sol Power V7 LH,$109.99,PBEFFECT,https://a8qh.short.gy/pow-v7lh,2025,USAP,Elongated,Carbon,Raw Texture/Peel Ply,Gen 4,Power,16,5.6,4.125,8,119,78%,6.24,41%,242,,,,,,,,,
Versix,Vector XL,$129.99,PBEFFECT,https://a8qh.short.gy/Vect,2024,USAP,Elongated,Carbon,Raw Texture/Peel Ply,Gen 2,Power,15,5.75,4.25,8.3,121,85%,6.85,82%,240,Medium,1916,56.1,63%,35.9,37%,50%,58,Firepower Balanced
Volair,CTRL 1 Forza,$199.99,PBEFFECT,https://a8qh.short.gy/C1F ,2024,USAP,Hybrid,Kevlar,Raw Texture/Peel Ply,Gen 2,All-Court,16,5.5,4.15,8,115,49%,6.26,43%,240,,,,,,,,,
Volair,CTRL 2 Forza,$199.99,PBEFFECT,https://a8qh.short.gy/C2F,2024,USAP,Widebody,Kevlar,Raw Texture/Peel Ply,Gen 2,Control,16,5.5,4.15,7.96,108,10%,7.16,92%,235,,,,,,,,,
Volair,Mach 1 14mm,$159.99,PBEFFECT,https://a8qh.short.gy/Mach14,2022,USAP,Elongated,Carbon,Raw Texture/Peel Ply,Gen 2,All-Court,14,5.5,4.15,7.84,115,49%,5.82,14%,240,Medium,1900,53.2,6%,36.1,47%,27%,22,Firepower Soft
Volair,Mach 1 16mm,$159.99,PBEFFECT,https://a8qh.short.gy/Mach16,2022,USAP,Elongated,Carbon,Raw Texture/Peel Ply,Gen 2,Control,16,5.5,4.15,8.06,118,70%,6.02,27%,242,Very High,2005,53.9,12%,34.7,8%,10%,20,Firepower Soft
Volair,Mach 1 Forza 14mm,$179.99,PBEFFECT,https://a8qh.short.gy/MF14,2023,USAP,Elongated,Carbon,Raw Texture/Peel Ply,Gen 2,Power,14,5.5,4.15,7.69,109,14%,5.82,14%,237,High,1954,54,14%,35.7,32%,23%,29,Firepower Soft
Volair,Mach 1 Forza 16mm,$179.99,PBEFFECT,https://a8qh.short.gy/Forza16,2023,USAP,Elongated,Carbon,Raw Texture/Peel Ply,Gen 2,All-Court,16,5.5,4.15,8.19,117,63%,6.57,64%,240,High,1988,55,26%,35.5,24%,25%,41,Firepower Control+
Volair,Mach 2 14mm,$139.99,PBEFFECT,https://a8qh.short.gy/M214,2023,USAP,Widebody,Carbon,Raw Texture/Peel Ply,Gen 2,Control,14,5.5,4.15,7.9,106,6%,6.76,77%,231,High,1967,52.8,2%,35,12%,7%,8,Firepower Soft
Volair,Mach 2 16 mm,$139.99,PBEFFECT,https://a8qh.short.gy/M216,2023,USAP,Widebody,Carbon,Raw Texture/Peel Ply,Gen 2,Control,16,5.5,4.15,7.97,108,10%,6.77,78%,231,Very High,2003,53,5%,35,12%,9%,11,Firepower Soft
Volair,Mach 2 Forza 14mm,$179.99,PBEFFECT,https://a8qh.short.gy/M2F14,2023,USAP,Widebody,Carbon,Raw Texture/Peel Ply,Gen 2,All-Court,14,5.5,4.15,7.8,109,14%,6.90,84%,238,High,1998,52.9,5%,35.9,37%,21%,16,Firepower Soft
Volair,Mach 2 Forza 16mm,$179.99,PBEFFECT,https://a8qh.short.gy/M2F16,2023,USAP,Widebody,Carbon,Raw Texture/Peel Ply,Gen 2,Control,16,5.5,4.15,8.02,111,23%,7.26,94%,238,High,1987,53.5,9%,33.7,1%,5%,8,Firepower Soft
Volair,Shift EL 14,$189.99,PBEFFECT,https://a8qh.short.gy/eshift,2026,USAP,Elongated,Carbon,Raw Texture/Peel Ply,Gen 4,Power,14,5.6,4.125,8.2,122,88%,6.23,40%,246,High,1979,57.2,96%,37,90%,93%,81,Firepower Elite
Volair,Shift HYB 14,$189.99,PBEFFECT,https://a8qh.short.gy/hshift,2026,USAP/UPA-A,Hybrid,Carbon,Raw Texture/Peel Ply,Gen 4,Power,14,5.6,4.125,8.15,117,63%,6.63,68%,242,Very High,2055,56.7,86%,36.7,81%,83%,72,Firepower High
Volair,Shift WB 14,$189.99,PBEFFECT,https://a8qh.short.gy/wshift,2026,USAP,Widebody,Carbon,Raw Texture/Peel Ply,Gen 4,Power,14,5.5,4.125,8.2,108,10%,7.3,96%,234,Very High,2018,56.8,88%,36.8,83%,85%,74,Firepower High
Volair,V.1F HYB,$199,PBEFFECT,https://a8qh.short.gy/V.1FHYB,2025,USAP,Hybrid,Carbon,Raw Texture/Peel Ply,Gen 2,All-Court,16,5.5,4.15,8.1,118,70%,6.49,58%,243,Very High,2027,55.3,34%,35,12%,23%,41,Firepower Control+
Volair,V.1F WB,$199,PBEFFECT,https://a8qh.short.gy/V.1fWB,2025,USAP,Widebody,Carbon,Raw Texture/Peel Ply,Gen 2,Control,16,5.5,4.15,8.1,111,23%,7.42,98%,237,Very High,2035,55.1,29%,35.7,32%,31%,44,Firepower Control+
Wilson,Vesper Control 17,$249,PBEFFECT,https://a8qh.short.gy/WV17,2025,USAP,Widebody,Carbon,Raw Texture/Peel Ply,Gen 3,Control,17,5,4.25,8.05,113,35%,5.96,24%,236,High,1998,55.6,41%,35,12%,26%,45,Firepower Control+
Wilson,Vesper Power 14,$249,PBEFFECT,https://a8qh.short.gy/WV14,2025,USAP,Elongated,Carbon,Raw Texture/Peel Ply,Gen 3,All-Court,14,5,4.25,8,114,43%,5.19,2%,238,High,1978,56.2,67%,35.3,18%,42%,55,Firepower Balanced
11SIX24,Power 2 Vapor,,,,2026,UPA-A,Hybrid,,,,,,,,7.92,111,23%,6.7,74%,236,Very High,2139,56.7,85%,36.9,86%,85%,73,Firepower High